query set: {'b1450', 'b3319', 'b2206', 'b2410', 'b3321', 'b3298', 'b3936', 'b1716', 'b2254', 'b3318', 'b1319', 'b3294', 'b4202', 'b3313', 'b3894', 'b2606', 'b1717', 'b2817', 'b3986', 'b2205', 'b3838', 'b2061', 'b3065', 'b3296', 'b3299', 'b0065', 'b3990', 'b3312', 'b1494', 'b3342', 'b3450', 'b3303', 'b2609', 'b0627', 'b3185', 'b2145', 'b2996', 'b0023', 'b2650', 'b1126', 'b0926', 'b3309', 'b3317', 'b3307', 'b1167', 'b1671', 'b0997', 'b0972', 'b0460', 'b2363', 'b4203', 'b3310', 'b3981', 'b3703', 'b0164', 'b3315', 'b0939', 'b2185', 'b0177', 'b3636', 'b1089', 'b3316', 'b2997', 'b3839', 'b3984', 'b0286', 'b4483', 'b1587', 'b3305', 'b2660', 'b0742', 'b0123', 'b1588', 'b1474', 'b2617', 'b4072', 'b2481', 'b3186', 'b3766', 'b3009', 'b3690', 'b1872', 'b3300', 'b0093', 'b3949', 'b3017', 'b3306', 'b0528', 'b1848', 'b3301', 'b3983', 'b1868', 'b3304', 'b3601', 'b3320', 'b0894', 'b0169', 'b2687', 'b0435', 'b3203', 'b3314', 'b4200', 'b1424', 'b3836', 'b0324', 'b2247', 'b3924', 'b2043', 'b3231', 'b0385', 'b3165', 'b3985', 'b1019', 'b4412', 'b2922', 'b3297', 'b2162', 'b2869', 'b3308', 'b3230', 'b3341', 'b3302', 'b2435', 'b3637', 'b1719', 'b3311', 'b0152', 'b1971'}
param: Namespace(query='set.M2.14.txt', sets='InterPro', alpha=0.05, adjust=False, measure='hypergeometric', limit=0, verbose=True)
param: Namespace(query='set.M2.14.txt', sets='InterPro', alpha=0.05, adjust=False, measure='hypergeometric', limit=0, verbose=True)
cypher relevant sets MATCH (t:InterPro)-[]->(g:Gene) WHERE g.id IN ['b1450', 'b3319', 'b2206', 'b2410', 'b3321', 'b3298', 'b3936', 'b1716', 'b2254', 'b3318', 'b1319', 'b3294', 'b4202', 'b3313', 'b3894', 'b2606', 'b1717', 'b2817', 'b3986', 'b2205', 'b3838', 'b2061', 'b3065', 'b3296', 'b3299', 'b0065', 'b3990', 'b3312', 'b1494', 'b3342', 'b3450', 'b3303', 'b2609', 'b0627', 'b3185', 'b2145', 'b2996', 'b0023', 'b2650', 'b1126', 'b0926', 'b3309', 'b3317', 'b3307', 'b1167', 'b1671', 'b0997', 'b0972', 'b0460', 'b2363', 'b4203', 'b3310', 'b3981', 'b3703', 'b0164', 'b3315', 'b0939', 'b2185', 'b0177', 'b3636', 'b1089', 'b3316', 'b2997', 'b3839', 'b3984', 'b0286', 'b4483', 'b1587', 'b3305', 'b2660', 'b0742', 'b0123', 'b1588', 'b1474', 'b2617', 'b4072', 'b2481', 'b3186', 'b3766', 'b3009', 'b3690', 'b1872', 'b3300', 'b0093', 'b3949', 'b3017', 'b3306', 'b0528', 'b1848', 'b3301', 'b3983', 'b1868', 'b3304', 'b3601', 'b3320', 'b0894', 'b0169', 'b2687', 'b0435', 'b3203', 'b3314', 'b4200', 'b1424', 'b3836', 'b0324', 'b2247', 'b3924', 'b2043', 'b3231', 'b0385', 'b3165', 'b3985', 'b1019', 'b4412', 'b2922', 'b3297', 'b2162', 'b2869', 'b3308', 'b3230', 'b3341', 'b3302', 'b2435', 'b3637', 'b1719', 'b3311', 'b0152', 'b1971'] RETURN DISTINCT t.id AS id, t.name AS name
target sets:             id                                               name
0    IPR020568    Ribosomal protein uS5 domain 2-type superfamily
1    IPR014721  Small ribosomal subunit protein uS5 domain 2-t...
2    IPR013785                           Aldolase-type TIM barrel
3    IPR000021                         Hok/gef cell toxic protein
4    IPR018084         Hok/gef cell toxic protein, conserved site
..         ...                                                ...
450  IPR036791  Large ribosomal subunit protein bL9, C-termina...
451  IPR020070    Large ribosomal subunit protein bL9, N-terminal
452  IPR036935  Large ribosomal subunit protein bL9, N-termina...
453  IPR024918                   3'-5' ssDNA/RNA exonuclease TatD
454  IPR050891              TatD-type Metallo-dependent Hydrolase

[455 rows x 2 columns]
set Pandas(Index=0, id='IPR020568', name='Ribosomal protein uS5 domain 2-type superfamily'), elements: {'b3303', 'b3848', 'b2022', 'b0439', 'b0955', 'b3704', 'b3765', 'b0003', 'b3340', 'b3699', 'b4170', 'b3643', 'b3230', 'b3030', 'b4389', 'b1208', 'b0473', 'b0757', 'b3164', 'b0096'}
set Pandas(Index=1, id='IPR014721', name='Small ribosomal subunit protein uS5 domain 2-type fold, subgroup'), elements: {'b4389', 'b3303', 'b1208', 'b0439', 'b0003', 'b0757', 'b0955', 'b3340', 'b3704', 'b3765', 'b3699', 'b4170', 'b3230', 'b3030'}
set Pandas(Index=2, id='IPR013785', name='Aldolase-type TIM barrel'), elements: {'b3993', 'b3223', 'b4298', 'b3605', 'b1281', 'b3991', 'b2464', 'b3946', 'b2024', 'b1693', 'b0825', 'b2441', 'b4379', 'b4237', 'b4196', 'b3225', 'b2601', 'b0109', 'b0824', 'b4049', 'b3867', 'b4085', 'b2777', 'b0775', 'b3800', 'b2517', 'b0104', 'b0369', 'b1517', 'b1650', 'b4301', 'b3881', 'b2478', 'b3137', 'b4477', 'b0268', 'b3132', 'b2025', 'b1704', 'b1260', 'b2925', 'b0902', 'b3919', 'b1773', 'b2147', 'b4146', 'b1850', 'b2140', 'b0628', 'b3674', 'b0945', 'b2508', 'b0781', 'b3212', 'b1497', 'b2097', 'b4381', 'b3386', 'b2564', 'b1262', 'b2768', 'b0074', 'b3581', 'b0008', 'b3081', 'b3260', 'b2955', 'b0754', 'b0352', 'b3952', 'b3990', 'b2096', 'b1215', 'b2095'}
set Pandas(Index=3, id='IPR000021', name='Hok/gef cell toxic protein'), elements: {'b1562', 'b0018', 'b4415', 'b4428', 'b4455', 'b4412'}
set Pandas(Index=4, id='IPR018084', name='Hok/gef cell toxic protein, conserved site'), elements: {'b1562', 'b0018', 'b4415', 'b4428', 'b4455', 'b4412'}
set Pandas(Index=5, id='IPR036388', name='Winged helix-like DNA-binding domain superfamily'), elements: {'b3521', 'b1450', 'b2405', 'b2409', 'b3590', 'b3743', 'b3044', 'b0504', 'b1339', 'b3237', 'b0694', 'b3557', 'b4299', 'b1149', 'b1659', 'b2248', 'b0294', 'b3912', 'b2698', 'b1951', 'b4046', 'b1284', 'b2847', 'b2101', 'b2707', 'b0817', 'b0768', 'b0076', 'b4295', 'b4293', 'b4366', 'b0360', 'b2577', 'b2684', 'b2735', 'b2550', 'b3684', 'b0208', 'b0890', 'b1827', 'b3828', 'b0995', 'b1997', 'b4272', 'b4300', 'b0399', 'b1221', 'b3243', 'b3226', 'b1335', 'b2369', 'b3060', 'b3118', 'b4113', 'b2364', 'b0315', 'b0506', 'b1594', 'b2561', 'b2852', 'b4102', 'b1526', 'b3711', 'b4401', 'b0454', 'b1642', 'b0560', 'b4340', 'b1987', 'b0254', 'b3961', 'b4365', 'b2531', 'b2667', 'b3375', 'b3973', 'b3507', 'b1770', 'b3604', 'b0346', 'b4212', 'b2808', 'b2160', 'b4018', 'b2805', 'b3773', 'b1799', 'b3410', 'b1361', 'b0338', 'b1275', 'b3067', 'b0761', 'b1040', 'b3822', 'b3094', 'b2741', 'b0034', 'b1512', 'b4043', 'b2213', 'b2664', 'b4089', 'b4178', 'b1969', 'b3897', 'b4133', 'b4479', 'b0900', 'b2427', 'b2015', 'b4480', 'b3585', 'b2573', 'b0316', 'b3755', 'b2861', 'b3105', 'b2289', 'b4357', 'b4398', 'b2157', 'b1853', 'b3512', 'b2217', 'b0020', 'b2921', 'b1187', 'b3357', 'b2916', 'b0683', 'b1439', 'b1067', 'b0603', 'b3501', 'b3405', 'b1988', 'b1530', 'b2980', 'b1422', 'b0889', 'b3884', 'b2839', 'b3418', 'b1399', 'b3131', 'b2079', 'b4327', 'b3872', 'b1403', 'b3071', 'b1595', 'b4324', 'b0113', 'b0447', 'b1540', 'b1130', 'b0629', 'b4498', 'b0571', 'b1334', 'b0676', 'b1328', 'b4473', 'b0730', 'b3574', 'b0922', 'b1608', 'b3025', 'b4191', 'b1548', 'b1916', 'b2537', 'b0272', 'b2438', 'b1860'}
set Pandas(Index=6, id='IPR036390', name='Winged helix DNA-binding domain superfamily'), elements: {'b1450', 'b3521', 'b2405', 'b2409', 'b3590', 'b3743', 'b3237', 'b1339', 'b0504', 'b4299', 'b1149', 'b1659', 'b2248', 'b4046', 'b1284', 'b2101', 'b2707', 'b0817', 'b0076', 'b0768', 'b2577', 'b2684', 'b2735', 'b2550', 'b3684', 'b0208', 'b0890', 'b1827', 'b3828', 'b3243', 'b3226', 'b3060', 'b3118', 'b2364', 'b0506', 'b1594', 'b4102', 'b1526', 'b3711', 'b1642', 'b4340', 'b1987', 'b0254', 'b3961', 'b2531', 'b2667', 'b3375', 'b3973', 'b1770', 'b3604', 'b0346', 'b4212', 'b2808', 'b2160', 'b4018', 'b2805', 'b3773', 'b1799', 'b3410', 'b1361', 'b0338', 'b1275', 'b0761', 'b3094', 'b4043', 'b2664', 'b3897', 'b4178', 'b4479', 'b0900', 'b2015', 'b4480', 'b3585', 'b0316', 'b3755', 'b3105', 'b2289', 'b4357', 'b2157', 'b0020', 'b2921', 'b1187', 'b3357', 'b2916', 'b0683', 'b1439', 'b1067', 'b0603', 'b3501', 'b1988', 'b2980', 'b1530', 'b1422', 'b0889', 'b3884', 'b2839', 'b3131', 'b4327', 'b3872', 'b1595', 'b4324', 'b3071', 'b0113', 'b0447', 'b1540', 'b0629', 'b4498', 'b1334', 'b0676', 'b1328', 'b0730', 'b3574', 'b0922', 'b4191', 'b2537', 'b0272', 'b1860'}
set Pandas(Index=9, id='IPR015910', name='Inosine/uridine-preferring nucleoside hydrolase, conserved site'), elements: {'b0651', 'b2162', 'b0030'}
set Pandas(Index=10, id='IPR001910', name='Inosine/uridine-preferring nucleoside hydrolase domain'), elements: {'b0651', 'b2162', 'b0030'}
set Pandas(Index=11, id='IPR023186', name='Inosine/uridine-preferring nucleoside hydrolase'), elements: {'b0651', 'b2162', 'b0030'}
set Pandas(Index=12, id='IPR036452', name='Ribonucleoside hydrolase-like'), elements: {'b0651', 'b2162', 'b0030'}
set Pandas(Index=13, id='IPR002938', name='FAD-binding domain'), elements: {'b1699', 'b0043', 'b3690', 'b0662', 'b2907', 'b0347', 'b2906'}
set Pandas(Index=14, id='IPR036188', name='FAD/NAD(P)-binding domain superfamily'), elements: {'b2660', 'b2241', 'b2146', 'b1109', 'b2210', 'b3492', 'b3365', 'b2887', 'b2468', 'b2574', 'b0043', 'b3690', 'b0311', 'b0723', 'b0347', 'b2906', 'b3213', 'b3426', 'b3962', 'b2542', 'b1189', 'b2878', 'b1699', 'b1301', 'b0662', 'b2324', 'b0888', 'b2242', 'b0116', 'b3500', 'b0304', 'b2766', 'b0606', 'b2907', 'b1059', 'b4154', 'b1668', 'b3081', 'b3741', 'b2711'}
set Pandas(Index=15, id='IPR038770', name='Sodium/solute symporter superfamily'), elements: {'b1191', 'b3350', 'b0047', 'b2410', 'b0478', 'b2372'}
set Pandas(Index=16, id='IPR004843', name='Calcineurin-like, phosphoesterase domain'), elements: {'b4213', 'b3032', 'b0524', 'b0480', 'b2734', 'b0164', 'b0398', 'b0049', 'b1838'}
set Pandas(Index=17, id='IPR029052', name='Metallo-dependent phosphatase-like'), elements: {'b4213', 'b3032', 'b0524', 'b3488', 'b0480', 'b2734', 'b2300', 'b0164', 'b0398', 'b0049', 'b1838'}
set Pandas(Index=18, id='IPR027417', name='P-loop containing nucleoside triphosphate hydrolase'), elements: {'b1682', 'b2060', 'b1756', 'b3479', 'b0438', 'b4177', 'b0151', 'b1360', 'b4161', 'b0882', 'b2184', 'b0955', 'b0886', 'b0760', 'b2474', 'b3590', 'b4391', 'b4096', 'b3201', 'b4106', 'b3480', 'b2709', 'b0949', 'b1993', 'b3486', 'b3463', 'b3355', 'b0794', 'b0879', 'b2677', 'b3856', 'b3746', 'b1238', 'b2731', 'b0887', 'b2422', 'b2129', 'b3340', 'b0864', 'b0199', 'b3980', 'b2547', 'b3813', 'b1098', 'b2066', 'b0397', 'b3390', 'b1290', 'b0855', 'b2984', 'b3868', 'b0495', 'b3437', 'b0107', 'b1709', 'b3339', 'b4173', 'b4352', 'b1858', 'b4058', 'b3974', 'b3450', 'b0890', 'b4287', 'b2950', 'b1201', 'b4263', 'b4004', 'b2180', 'b3765', 'b1484', 'b3541', 'b1126', 'b4168', 'b1175', 'b0330', 'b3352', 'b2149', 'b2491', 'b3778', 'b2918', 'b0490', 'b3935', 'b1441', 'b0914', 'b3567', 'b3232', 'b0588', 'b3326', 'b3168', 'b0103', 'b4350', 'b2750', 'b1900', 'b4538', 'b1270', 'b2820', 'b4389', 'b3700', 'b0098', 'b3409', 'b2592', 'b0876', 'b0448', 'b0388', 'b2554', 'b2201', 'b2569', 'b0449', 'b0915', 'b2928', 'b3725', 'b4097', 'b2576', 'b2566', 'b0439', 'b2610', 'b4052', 'b1117', 'b0820', 'b2761', 'b2780', 'b0797', 'b4485', 'b3455', 'b0779', 'b3648', 'b3822', 'b0652', 'b2461', 'b3464', 'b0924', 'b3783', 'b1413', 'b2733', 'b0962', 'b3734', 'b2985', 'b0695', 'b2113', 'b0066', 'b2632', 'b1343', 'b3702', 'b2986', 'b3323', 'b3931', 'b0470', 'b1783', 'b1941', 'b4361', 'b1291', 'b3195', 'b0262', 'b2220', 'b1323', 'b3178', 'b3271', 'b4390', 'b3652', 'b0127', 'b4087', 'b1303', 'b0660', 'b2727', 'b3871', 'b2306', 'b2297', 'b3162', 'b3732', 'b4035', 'b2627', 'b0148', 'b0910', 'b4346', 'b2819', 'b4171', 'b2211', 'b1114', 'b3418', 'b4109', 'b3422', 'b1917', 'b0640', 'b4094', 'b0809', 'b0059', 'b2496', 'b3540', 'b0892', 'b1808', 'b0958', 'b1247', 'b0474', 'b1653', 'b1483', 'b3183', 'b4268', 'b1513', 'b0366', 'b3865', 'b2751', 'b1099', 'b2869', 'b0933', 'b3706', 'b0778', 'b1496', 'b3454', 'b4375', 'b2119', 'b2616', 'b2173', 'b0981', 'b3205', 'b0799', 'b1246', 'b1203', 'b2511', 'b3780', 'b3749', 'b0253', 'b1593', 'b0765', 'b1020', 'b1860', 'b0829', 'b2822', 'b2699'}
set Pandas(Index=19, id='IPR009057', name='Homedomain-like superfamily'), elements: {'b1790', 'b1201', 'b1545', 'b4062', 'b3010', 'b4004', 'b1649', 'b0564', 'b1531', 'b1997', 'b4272', 'b1111', 'b3044', 'b4251', 'b0540', 'b2213', 'b0267', 'b4089', 'b3954', 'b0464', 'b0373', 'b0330', 'b2709', 'b0846', 'b1735', 'b2427', 'b1403', 'b1374', 'b2491', 'b0566', 'b2561', 'b1384', 'b0064', 'b1499', 'b3516', 'b1027', 'b0796', 'b4118', 'b2382', 'b3641', 'b1696', 'b3906', 'b2731', 'b0546', 'b4116', 'b2869', 'b1158', 'b2861', 'b0360', 'b1618', 'b3680', 'b3905', 'b1853', 'b2220', 'b1323', 'b3868', 'b3261', 'b0313', 'b2554', 'b0305', 'b0298', 'b4396', 'b1013', 'b1303', 'b3963', 'b3569', 'b3264', 'b0502', 'b4135', 'b2437', 'b3515', 'b2088'}
set Pandas(Index=20, id='IPR032818', name='DedA-like'), elements: {'b2317', 'b3095', 'b3009', 'b0065'}
set Pandas(Index=21, id='IPR032816', name='VTT domain'), elements: {'b2317', 'b2136', 'b1752', 'b1750', 'b3009', 'b0065', 'b2689', 'b3095'}
set Pandas(Index=22, id='IPR003593', name='AAA+ ATPase domain'), elements: {'b1682', 'b0879', 'b1756', 'b3479', 'b0438', 'b0151', 'b0882', 'b0886', 'b0760', 'b4391', 'b4096', 'b3201', 'b4106', 'b3480', 'b0949', 'b2709', 'b3486', 'b3463', 'b0794', 'b2677', 'b3746', 'b2731', 'b0887', 'b2422', 'b2129', 'b0199', 'b0864', 'b2547', 'b1290', 'b0855', 'b3868', 'b0495', 'b1709', 'b1858', 'b3450', 'b2950', 'b4287', 'b1201', 'b4004', 'b2180', 'b3765', 'b1484', 'b3541', 'b1126', 'b0330', 'b3352', 'b2149', 'b2491', 'b0490', 'b1441', 'b3567', 'b0914', 'b0588', 'b3326', 'b1900', 'b4389', 'b2592', 'b0448', 'b2554', 'b0449', 'b2201', 'b3725', 'b4097', 'b0439', 'b2610', 'b0820', 'b1117', 'b4485', 'b3455', 'b0652', 'b3464', 'b1413', 'b3783', 'b0066', 'b3702', 'b3931', 'b0470', 'b1941', 'b4361', 'b1291', 'b3195', 'b0262', 'b2220', 'b1323', 'b3178', 'b3271', 'b0127', 'b1303', 'b4087', 'b2306', 'b3732', 'b4035', 'b4346', 'b2819', 'b2211', 'b3422', 'b1917', 'b0809', 'b3540', 'b0892', 'b1247', 'b1653', 'b1483', 'b1513', 'b0366', 'b2869', 'b0933', 'b1496', 'b3454', 'b2119', 'b1246', 'b3749', 'b0765', 'b1860', 'b0829', 'b4052', 'b2699'}
set Pandas(Index=23, id='IPR050093', name='ABC Transporter, Small Molecule Importer'), elements: {'b1756', 'b0262', 'b0066', 'b0855', 'b2422', 'b1126', 'b1441'}
set Pandas(Index=24, id='IPR003439', name='ABC transporter-like, ATP-binding domain'), elements: {'b0879', 'b0151', 'b1682', 'b1756', 'b3479', 'b0760', 'b0886', 'b4391', 'b4096', 'b3201', 'b4106', 'b3480', 'b0949', 'b3486', 'b3463', 'b0794', 'b2677', 'b2422', 'b0887', 'b2129', 'b0199', 'b0864', 'b2547', 'b1290', 'b0855', 'b0495', 'b1709', 'b1858', 'b4058', 'b3450', 'b4287', 'b2180', 'b1484', 'b3541', 'b1126', 'b3352', 'b2149', 'b0490', 'b0914', 'b1441', 'b3567', 'b0588', 'b1900', 'b0448', 'b2201', 'b0449', 'b3725', 'b4097', 'b0820', 'b1117', 'b4485', 'b3455', 'b0652', 'b0066', 'b1291', 'b3195', 'b0262', 'b3271', 'b0127', 'b4087', 'b2306', 'b4035', 'b2211', 'b1917', 'b0809', 'b3540', 'b1247', 'b1483', 'b1513', 'b0366', 'b0933', 'b1496', 'b3454', 'b1246', 'b3749', 'b0765', 'b0829'}
set Pandas(Index=25, id='IPR017871', name='ABC transporter-like, conserved site'), elements: {'b1682', 'b4035', 'b4287', 'b3479', 'b0151', 'b1117', 'b0879', 'b1756', 'b2180', 'b2211', 'b3455', 'b0886', 'b4485', 'b4391', 'b1917', 'b1484', 'b4096', 'b0652', 'b1126', 'b3201', 'b0809', 'b4106', 'b3541', 'b3480', 'b3540', 'b3352', 'b0949', 'b2149', 'b1247', 'b3486', 'b1483', 'b3463', 'b0794', 'b2677', 'b0490', 'b0066', 'b1441', 'b1513', 'b0366', 'b3567', 'b0914', 'b0588', 'b0887', 'b2422', 'b2129', 'b0933', 'b0199', 'b0864', 'b2547', 'b1496', 'b3454', 'b1900', 'b3195', 'b0262', 'b1290', 'b0855', 'b3271', 'b1246', 'b0448', 'b3749', 'b0449', 'b2201', 'b0127', 'b0495', 'b4087', 'b3725', 'b1709', 'b0765', 'b4097', 'b2306', 'b4058', 'b0829', 'b3450'}
set Pandas(Index=29, id='IPR034746', name='POTRA domain'), elements: {'b0093', 'b4220', 'b0177'}
set Pandas(Index=31, id='IPR011711', name='GntR, C-terminal'), elements: {'b2664', 'b3604', 'b1450', 'b4479', 'b2980', 'b0113', 'b3755', 'b4324', 'b3094', 'b4357', 'b3226', 'b1540'}
set Pandas(Index=32, id='IPR008920', name='Transcription regulator FadR/GntR, C-terminal'), elements: {'b2664', 'b3604', 'b1450', 'b3094', 'b4479', 'b2980', 'b1187', 'b3755', 'b4324', 'b0113', 'b4357', 'b3226', 'b1540'}
set Pandas(Index=33, id='IPR000524', name='Transcription regulator HTH, GntR'), elements: {'b1450', 'b2980', 'b3094', 'b3226', 'b2664', 'b3872', 'b4479', 'b4324', 'b4102', 'b0113', 'b2101', 'b1540', 'b4340', 'b3755', 'b4357', 'b3375', 'b3604', 'b0730', 'b1187', 'b3684', 'b1439'}
set Pandas(Index=34, id='IPR011707', name='Multicopper oxidase-like, N-terminal'), elements: {'b3017', 'b0123'}
set Pandas(Index=36, id='IPR011706', name='Multicopper oxidase, C-terminal'), elements: {'b3017', 'b0123'}
set Pandas(Index=37, id='IPR045087', name='Multicopper oxidase'), elements: {'b3017', 'b0123'}
set Pandas(Index=39, id='IPR008972', name='Cupredoxin'), elements: {'b3017', 'b0432', 'b1018', 'b0123'}
set Pandas(Index=40, id='IPR006311', name='Twin-arginine translocation pathway, signal sequence'), elements: {'b1587', 'b0123', 'b1588', 'b2206', 'b4072', 'b1474', 'b1872', 'b0926', 'b1019', 'b3017', 'b3894', 'b0997', 'b0972', 'b2817', 'b0894', 'b2435', 'b1424', 'b2205', 'b0324', 'b1971', 'b2997', 'b0286'}
set Pandas(Index=41, id='IPR009010', name='Aspartate decarboxylase-like domain superfamily'), elements: {'b1224', 'b1587', 'b3551', 'b1588', 'b2206', 'b1474', 'b1468', 'b0131', 'b0894', 'b3894', 'b1501', 'b0997', 'b1872', 'b4079', 'b2283'}
set Pandas(Index=42, id='IPR013783', name='Immunoglobulin-like fold'), elements: {'b3215', 'b4316', 'b3431', 'b2336', 'b2110', 'b2132', 'b0140', 'b3047', 'b1048', 'b0944', 'b0531', 'b3143', 'b0939', 'b3432', 'b0292', 'b1617', 'b3719', 'b0717', 'b1424', 'b0344', 'b1978', 'b3076', 'b0585', 'b0289'}
set Pandas(Index=43, id='IPR008962', name='PapD-like superfamily'), elements: {'b0292', 'b3215', 'b0140', 'b3143', 'b4316', 'b0717', 'b0944', 'b3047', 'b0531', 'b2336', 'b0289', 'b0939', 'b2110'}
set Pandas(Index=44, id='IPR050643', name='Periplasmic Pilus Chaperone'), elements: {'b3215', 'b0140', 'b4316', 'b0717', 'b0944', 'b3047', 'b0531', 'b2336', 'b3143', 'b0939', 'b2110'}
set Pandas(Index=45, id='IPR036316', name='Pili assembly chaperone, C-terminal domain superfamily'), elements: {'b3215', 'b0140', 'b4316', 'b0717', 'b3047', 'b0944', 'b0531', 'b2336', 'b3143', 'b0939', 'b2110'}
set Pandas(Index=46, id='IPR001829', name='Pili assembly chaperone, bacterial'), elements: {'b0140', 'b4316', 'b0717', 'b0944', 'b3047', 'b0531', 'b2336', 'b3143', 'b0939', 'b2110'}
set Pandas(Index=47, id='IPR016148', name='Pili assembly chaperone, C-terminal'), elements: {'b0140', 'b4316', 'b0717', 'b3047', 'b0944', 'b0531', 'b2336', 'b3143', 'b0939', 'b2110'}
set Pandas(Index=48, id='IPR018046', name='Pili assembly chaperone, conserved site'), elements: {'b0140', 'b3143', 'b4316', 'b0717', 'b3047', 'b0944', 'b0531', 'b2336', 'b0939', 'b2110'}
set Pandas(Index=49, id='IPR016147', name='Pili assembly chaperone, N-terminal'), elements: {'b3215', 'b0140', 'b4316', 'b0717', 'b3047', 'b0944', 'b0531', 'b2336', 'b3143', 'b0939', 'b2110'}
set Pandas(Index=50, id='IPR002491', name='ABC transporter periplasmic binding domain'), elements: {'b0152', 'b0592', 'b0158', 'b4290'}
set Pandas(Index=51, id='IPR051313', name='Bacterial iron-siderophore binding'), elements: {'b0152', 'b4290', 'b0592'}
set Pandas(Index=57, id='IPR000184', name='Bacterial surface antigen (D15)'), elements: {'b4220', 'b0177'}
set Pandas(Index=58, id='IPR010827', name='POTRA domain, BamA/TamA-like'), elements: {'b4220', 'b0177'}
set Pandas(Index=59, id='IPR039910', name='Surface antigen D15-like'), elements: {'b4220', 'b0177'}
set Pandas(Index=61, id='IPR012340', name='Nucleic acid-binding, OB-fold'), elements: {'b4035', 'b3647', 'b4161', 'b0989', 'b2890', 'b3169', 'b2114', 'b3074', 'b0884', 'b3783', 'b0184', 'b1861', 'b3407', 'b0990', 'b3317', 'b0930', 'b1552', 'b1866', 'b3556', 'b0911', 'b1557', 'b0880', 'b3247', 'b4059', 'b0835', 'b2197', 'b1823', 'b4129', 'b3450', 'b0623', 'b0488', 'b1084', 'b4179', 'b1558', 'b2171', 'b1286', 'b3652', 'b3311', 'b2411', 'b3164', 'b1713', 'b4201', 'b4147', 'b2785', 'b2565', 'b3342'}
set Pandas(Index=62, id='IPR002314', name='Aminoacyl-tRNA synthetase, class II (G/ P/ S/T)'), elements: {'b1719', 'b0893', 'b0194'}
set Pandas(Index=63, id='IPR006195', name='Aminoacyl-tRNA synthetase, class II'), elements: {'b0893', 'b4155', 'b1719', 'b1714', 'b2890', 'b2514', 'b0930', 'b4129', 'b0194', 'b1866', 'b3744'}
set Pandas(Index=64, id='IPR045864', name='Class II Aminoacyl-tRNA synthetase/Biotinyl protein ligase (BPL) and lipoyl protein ligase (LPL)'), elements: {'b0893', 'b4155', 'b1719', 'b1714', 'b2890', 'b4386', 'b1713', 'b2514', 'b4129', 'b0930', 'b2697', 'b0194', 'b0630', 'b1866', 'b3560', 'b3744', 'b3973'}
set Pandas(Index=65, id='IPR004154', name='Anticodon-binding'), elements: {'b1719', 'b2514', 'b0194'}
set Pandas(Index=66, id='IPR036621', name='Anticodon-binding domain superfamily'), elements: {'b1719', 'b2514', 'b0194'}
set Pandas(Index=67, id='IPR043128', name='Reverse transcriptase/Diguanylate cyclase domain'), elements: {'b1341', 'b1025', 'b1489', 'b0385', 'b2395', 'b1956', 'b1535', 'b2067', 'b1785', 'b0834', 'b1490', 'b3529', 'b1522', 'b3252', 'b1285', 'b2604', 'b1184', 'b0231', 'b1786', 'b1794'}
set Pandas(Index=68, id='IPR008995', name='Molybdate/tungstate binding, C-terminal'), elements: {'b4035', 'b0262', 'b0855', 'b2422', 'b1441', 'b0761', 'b0765', 'b1126', 'b3450'}
set Pandas(Index=69, id='IPR013611', name='Transport-associated OB, type 2'), elements: {'b4035', 'b0262', 'b0855', 'b1126', 'b1441'}
set Pandas(Index=70, id='IPR002888', name='[2Fe-2S]-binding'), elements: {'b2881', 'b0286', 'b2868'}
set Pandas(Index=71, id='IPR036884', name='[2Fe-2S]-binding domain superfamily'), elements: {'b2881', 'b0286', 'b2868'}
set Pandas(Index=72, id='IPR036010', name='2Fe-2S ferredoxin-like superfamily'), elements: {'b0872', 'b0947', 'b1392', 'b1803', 'b0286', 'b4153', 'b0724', 'b2868', 'b2236', 'b2283', 'b2525'}
set Pandas(Index=73, id='IPR001041', name='2Fe-2S ferredoxin-type iron-sulfur binding domain'), elements: {'b0947', 'b1392', 'b1803', 'b4153', 'b0724', 'b2525', 'b0872', 'b2868', 'b2236', 'b2283', 'b0286'}
set Pandas(Index=74, id='IPR006058', name='2Fe-2S ferredoxin, iron-sulphur binding site'), elements: {'b0947', 'b1392', 'b1803', 'b4153', 'b2236', 'b0286'}
set Pandas(Index=76, id='IPR012675', name='Beta-grasp domain superfamily'), elements: {'b0947', 'b1392', 'b1803', 'b1203', 'b0286', 'b1719', 'b4153', 'b4407', 'b0784', 'b0724', 'b2784', 'b0872', 'b3650', 'b2868', 'b2236', 'b2525'}
set Pandas(Index=77, id='IPR034704', name='Large ribosomal subunit protein bL28/bL31-like superfamily'), elements: {'b0296', 'b3936', 'b3637'}
set Pandas(Index=78, id='IPR002150', name='Large ribosomal subunit protein bL31 type A/B'), elements: {'b0296', 'b3936'}
set Pandas(Index=79, id='IPR042105', name='Large ribosomal subunit protein bL31 superfamily'), elements: {'b0296', 'b3936'}
set Pandas(Index=80, id='IPR017896', name='4Fe-4S ferredoxin-type, iron-sulphur binding domain'), elements: {'b4072', 'b2481', 'b1475', 'b0992', 'b1225', 'b2887', 'b1629', 'b2996', 'b1628', 'b2468', 'b3893', 'b3213', 'b3573', 'b4379', 'b4467', 'b2281', 'b2562', 'b2720', 'b2878', 'b0724', 'b2243', 'b1671', 'b1751', 'b2488', 'b0307', 'b1589', 'b4153', 'b2767', 'b2724', 'b2147', 'b0895', 'b2713', 'b2204', 'b2886', 'b4166', 'b1467', 'b2205', 'b3952', 'b2208', 'b1687', 'b1674', 'b1378'}
set Pandas(Index=81, id='IPR017900', name='4Fe-4S ferredoxin, iron-sulphur binding, conserved site'), elements: {'b4072', 'b2481', 'b1475', 'b0992', 'b2887', 'b1628', 'b2996', 'b2468', 'b1629', 'b3893', 'b1700', 'b3573', 'b4379', 'b4467', 'b2281', 'b2878', 'b0724', 'b2720', 'b2243', 'b1671', 'b1674', 'b2488', 'b0307', 'b1589', 'b4153', 'b2724', 'b2147', 'b2713', 'b0895', 'b2204', 'b2886', 'b4166', 'b2205', 'b2208', 'b1687', 'b2562', 'b1378'}
set Pandas(Index=82, id='IPR013108', name='Amidohydrolase 3'), elements: {'b0324', 'b0337', 'b4095'}
set Pandas(Index=83, id='IPR011059', name='Metal-dependent hydrolase, composite domain superfamily'), elements: {'b2883', 'b2873', 'b4328', 'b0324', 'b0337', 'b3665', 'b4095', 'b0677', 'b2879', 'b0512'}
set Pandas(Index=84, id='IPR032466', name='Metal-dependent hydrolase'), elements: {'b1062', 'b3092', 'b3379', 'b2883', 'b2873', 'b4378', 'b0324', 'b4328', 'b0337', 'b3665', 'b1100', 'b4095', 'b1623', 'b0677', 'b2879', 'b0512', 'b4483'}
set Pandas(Index=85, id='IPR052349', name='Metallo-dependent Hydrolases Superfamily Enzymes'), elements: {'b0324', 'b0337'}
set Pandas(Index=86, id='IPR002197', name='DNA binding HTH domain, Fis-type'), elements: {'b1201', 'b0330', 'b2220', 'b3868', 'b2731', 'b3261', 'b4004', 'b2869', 'b1303'}
set Pandas(Index=87, id='IPR002078', name='RNA polymerase sigma factor 54 interaction domain'), elements: {'b1201', 'b2220', 'b1323', 'b3868', 'b2731', 'b0330', 'b2554', 'b2709', 'b2869', 'b4004', 'b2491', 'b1303', 'b3422'}
set Pandas(Index=88, id='IPR025943', name='Sigma-54 interaction domain, ATP-binding site 2'), elements: {'b1201', 'b2220', 'b1323', 'b0330', 'b2709', 'b3868', 'b2554', 'b4004', 'b2869', 'b2491', 'b1303', 'b3422'}
set Pandas(Index=89, id='IPR025944', name='Sigma-54 interaction domain, conserved site'), elements: {'b0330', 'b1323', 'b3868', 'b2731', 'b2709', 'b2554', 'b4004', 'b2869', 'b2220', 'b2491', 'b1303'}
set Pandas(Index=90, id='IPR011013', name='Galactose mutarotase-like domain superfamily'), elements: {'b1780', 'b3879', 'b0756', 'b0344', 'b1424', 'b0732', 'b3656', 'b1048', 'b3878', 'b3076', 'b2544', 'b1316'}
set Pandas(Index=91, id='IPR014718', name='Glycoside hydrolase-type carbohydrate-binding'), elements: {'b1780', 'b0756', 'b3879', 'b0344', 'b1424', 'b1048', 'b3076', 'b2549', 'b2544'}
set Pandas(Index=92, id='IPR001173', name='Glycosyltransferase 2-like'), elements: {'b2059', 'b1049', 'b2254', 'b3615', 'b4571', 'b0569', 'b2351', 'b2055', 'b0363', 'b3533', 'b1022'}
set Pandas(Index=93, id='IPR029044', name='Nucleotide-diphospho-sugar transferases'), elements: {'b2049', 'b2059', 'b1049', 'b0569', 'b1236', 'b2351', 'b0363', 'b3627', 'b2254', 'b3430', 'b4571', 'b2039', 'b3615', 'b3857', 'b2055', 'b3626', 'b3533', 'b1022', 'b2747', 'b3730', 'b3789', 'b2877', 'b0918', 'b2042'}
set Pandas(Index=94, id='IPR050469', name='Bacterial Diguanylate Cyclase'), elements: {'b1490', 'b1535', 'b1341', 'b1522', 'b1786', 'b0834', 'b0385', 'b1794', 'b1785', 'b1956'}
set Pandas(Index=95, id='IPR000160', name='GGDEF domain'), elements: {'b2503', 'b1341', 'b1025', 'b1489', 'b0385', 'b2395', 'b1956', 'b1535', 'b2067', 'b1785', 'b0834', 'b1490', 'b3529', 'b1522', 'b3252', 'b2604', 'b1285', 'b1786', 'b1794'}
set Pandas(Index=97, id='IPR029787', name='Nucleotide cyclase'), elements: {'b1490', 'b3529', 'b1535', 'b2067', 'b1341', 'b1522', 'b3252', 'b1025', 'b1786', 'b1285', 'b1489', 'b0385', 'b2395', 'b2604', 'b1794', 'b1956', 'b1785', 'b0834'}
set Pandas(Index=98, id='IPR000014', name='PAS domain'), elements: {'b0619', 'b1201', 'b2067', 'b1323', 'b1341', 'b2869', 'b0400', 'b3072', 'b1489', 'b1285', 'b4125', 'b3869', 'b2219', 'b3210'}
set Pandas(Index=99, id='IPR035965', name='PAS domain superfamily'), elements: {'b0619', 'b1201', 'b2067', 'b1323', 'b1341', 'b2869', 'b0400', 'b1285', 'b1489', 'b3072', 'b4125', 'b3869', 'b2219', 'b3210'}
set Pandas(Index=100, id='IPR014756', name='Immunoglobulin E-set'), elements: {'b1841', 'b3719', 'b1424', 'b3431', 'b1048', 'b0585', 'b3432', 'b0403'}
set Pandas(Index=101, id='IPR002634', name='BolA protein'), elements: {'b3190', 'b0435'}
set Pandas(Index=102, id='IPR036065', name='BolA-like superfamily'), elements: {'b3190', 'b0435'}
set Pandas(Index=103, id='IPR050961', name='BolA/IbaG family stress response and morphology regulators'), elements: {'b3190', 'b0435'}
set Pandas(Index=104, id='IPR011008', name='Dimeric alpha-beta barrel'), elements: {'b1518', 'b0889', 'b1019', 'b3029', 'b2431', 'b0456', 'b3743', 'b1667', 'b3901', 'b0447', 'b1251'}
set Pandas(Index=105, id='IPR007985', name='Haemolysin expression modulating, HHA'), elements: {'b0460', 'b1625'}
set Pandas(Index=106, id='IPR036666', name='HHA superfamily'), elements: {'b0460', 'b1625'}
set Pandas(Index=107, id='IPR011990', name='Tetratricopeptide-like helical domain superfamily'), elements: {'b2513', 'b0742', 'b2595', 'b3596', 'b4078', 'b0568', 'b3418', 'b2549', 'b3147', 'b2494', 'b3802', 'b3163', 'b2851', 'b4133', 'b1280', 'b0644', 'b2852', 'b2194', 'b2275', 'b0647', 'b0492', 'b4076', 'b3530', 'b1024'}
set Pandas(Index=108, id='IPR036986', name='RNA-binding S4 domain superfamily'), elements: {'b1086', 'b4022', 'b2183', 'b3400', 'b1637', 'b3296', 'b1269', 'b0528', 'b2594'}
set Pandas(Index=109, id='IPR019734', name='Tetratricopeptide repeat'), elements: {'b0742', 'b1280', 'b2194', 'b0568', 'b2852', 'b4076', 'b2549', 'b3530', 'b1024', 'b3802', 'b3163'}
set Pandas(Index=110, id='IPR003369', name='Sec-independent protein translocase protein TatA/B/E'), elements: {'b0627', 'b3836'}
set Pandas(Index=111, id='IPR006312', name='Sec-independent protein translocase protein TatA/E'), elements: {'b0627', 'b3836'}
set Pandas(Index=113, id='IPR007197', name='Radical SAM'), elements: {'b3211', 'b4379', 'b4237', 'b0824', 'b2777', 'b0775', 'b3800', 'b2517', 'b4469', 'b0661', 'b0835', 'b0902', 'b4146', 'b0628', 'b0781', 'b1497', 'b2955', 'b3952', 'b3990', 'b3867'}
set Pandas(Index=114, id='IPR020056', name='Large ribosomal subunit protein bL25/Gln-tRNA synthetase, N-terminal'), elements: {'b0680', 'b2185'}
set Pandas(Index=115, id='IPR011035', name='Large ribosomal subunit protein bL25/Gln-tRNA synthetase, anti-codon-binding domain superfamily'), elements: {'b2185', 'b0680'}
set Pandas(Index=116, id='IPR010979', name='Small ribosomal subunit protein uS13-like, H2TH'), elements: {'b3635', 'b3298', 'b0714'}
set Pandas(Index=117, id='IPR050864', name='Bacterial PTS System Sugar Transport Components'), elements: {'b3949', 'b0731', 'b2386', 'b3899', 'b2387', 'b3950', 'b2167', 'b3953'}
set Pandas(Index=118, id='IPR013014', name='Phosphotransferase system, EIIC component, type 2'), elements: {'b4304', 'b3949', 'b0731', 'b2386', 'b3899', 'b2167', 'b3599', 'b2933'}
set Pandas(Index=119, id='IPR006327', name='Phosphotransferase system, fructose IIC component'), elements: {'b0731', 'b2167', 'b3899', 'b3949'}
set Pandas(Index=123, id='IPR012334', name='Pectin lyase fold'), elements: {'b0772', 'b2043'}
set Pandas(Index=124, id='IPR011050', name='Pectin lyase fold/virulence factor'), elements: {'b1664', 'b2043', 'b4580', 'b2190', 'b2000', 'b2647', 'b0772', 'b1202', 'b2233'}
set Pandas(Index=125, id='IPR010722', name='Biotin and thiamin synthesis-associated domain'), elements: {'b0775', 'b3990'}
set Pandas(Index=126, id='IPR005893', name='Spermidine/putrescine import ATP-binding protein PotA-like'), elements: {'b1126', 'b0855'}
set Pandas(Index=127, id='IPR008333', name='Flavoprotein pyridine nucleotide cytochrome reductase-like, FAD-binding domain'), elements: {'b3844', 'b2552', 'b1392', 'b1803', 'b0872', 'b3924'}
set Pandas(Index=128, id='IPR017927', name='FAD-binding domain, ferredoxin reductase-type'), elements: {'b3844', 'b2552', 'b1392', 'b2764', 'b3924', 'b1803', 'b0872', 'b3070'}
set Pandas(Index=129, id='IPR039261', name='Ferredoxin-NADP reductase (FNR), nucleotide-binding domain'), elements: {'b3844', 'b2552', 'b1392', 'b1803', 'b2764', 'b3924', 'b0872', 'b3070'}
set Pandas(Index=130, id='IPR001433', name='Oxidoreductase FAD/NAD(P)-binding'), elements: {'b3844', 'b1392', 'b2552', 'b2764', 'b0872', 'b3924'}
set Pandas(Index=131, id='IPR017938', name='Riboflavin synthase-like beta-barrel'), elements: {'b3844', 'b1392', 'b2552', 'b2764', 'b3924', 'b1803', 'b1662', 'b0872', 'b3070'}
set Pandas(Index=132, id='IPR014719', name='Ribosomal protein bL12, C-terminal/adaptor protein ClpS-like'), elements: {'b3986', 'b0881'}
set Pandas(Index=133, id='IPR011888', name='Anaerobic dimethyl sulphoxide reductase, subunit A, DmsA/YnfE'), elements: {'b1587', 'b0894', 'b1588'}
set Pandas(Index=134, id='IPR006657', name='Molybdopterin dinucleotide-binding domain'), elements: {'b1224', 'b1587', 'b3551', 'b1588', 'b2206', 'b1474', 'b1468', 'b0894', 'b3894', 'b0997', 'b1872', 'b4079', 'b2283'}
set Pandas(Index=135, id='IPR006656', name='Molybdopterin oxidoreductase'), elements: {'b1587', 'b1224', 'b3551', 'b1588', 'b2206', 'b1474', 'b1468', 'b0894', 'b3894', 'b1501', 'b0997', 'b1872', 'b4079', 'b2283'}
set Pandas(Index=136, id='IPR006963', name='Molybdopterin oxidoreductase, 4Fe-4S domain'), elements: {'b1224', 'b1587', 'b1588', 'b2206', 'b1474', 'b1468', 'b0894', 'b3894', 'b4079', 'b2283'}
set Pandas(Index=137, id='IPR006655', name='Molybdopterin oxidoreductase, prokaryotic, conserved site'), elements: {'b1587', 'b1224', 'b3551', 'b1588', 'b1474', 'b1468', 'b0894', 'b3894', 'b0997', 'b1872', 'b4079'}
set Pandas(Index=138, id='IPR027467', name='Molybdopterin oxidoreductase, molybdopterin cofactor binding site'), elements: {'b1224', 'b1588', 'b2206', 'b1474', 'b1468', 'b0894', 'b3894', 'b4079'}
set Pandas(Index=139, id='IPR050612', name='Prokaryotic Molybdopterin Oxidoreductases'), elements: {'b1587', 'b3551', 'b1588', 'b0894', 'b0997', 'b1872'}
set Pandas(Index=140, id='IPR019546', name='Twin-arginine translocation pathway, signal sequence, bacterial/archaeal'), elements: {'b2206', 'b4072', 'b1424', 'b0972', 'b2996', 'b3017', 'b0894', 'b2997', 'b1872'}
set Pandas(Index=141, id='IPR050954', name='Electron Transfer Iron-Sulfur Cluster-Binding Protein'), elements: {'b4072', 'b0895', 'b1589', 'b1671'}
set Pandas(Index=143, id='IPR009045', name='Peptidase M74/Hedgehog-like, zinc-binding domain superfamily'), elements: {'b0926', 'b1488', 'b2328'}
set Pandas(Index=144, id='IPR027394', name='Cytochrome-c3 hydrogenase, C-terminal'), elements: {'b0972', 'b2997'}
set Pandas(Index=145, id='IPR006137', name='NADH:ubiquinone oxidoreductase-like, 20kDa subunit'), elements: {'b2719', 'b2287', 'b2489', 'b2997', 'b0972'}
set Pandas(Index=146, id='IPR037148', name='[NiFe]-hydrogenase, small subunit, C-terminal domain superfamily'), elements: {'b0972', 'b2997'}
set Pandas(Index=147, id='IPR037024', name='[NiFe]-hydrogenase, small subunit, N-terminal domain superfamily'), elements: {'b0972', 'b2997'}
set Pandas(Index=148, id='IPR001821', name='[NiFe]-hydrogenase, small subunit'), elements: {'b0972', 'b2997'}
set Pandas(Index=149, id='IPR050438', name='Low Molecular Weight Phosphotyrosine Protein Phosphatase'), elements: {'b2061', 'b0982'}
set Pandas(Index=150, id='IPR023485', name='Phosphotyrosine protein phosphatase I'), elements: {'b2061', 'b0982'}
set Pandas(Index=151, id='IPR036196', name='Phosphotyrosine protein phosphatase I superfamily'), elements: {'b2061', 'b0982'}
set Pandas(Index=152, id='IPR017867', name='Protein-tyrosine phosphatase, low molecular weight'), elements: {'b2061', 'b0982'}
set Pandas(Index=153, id='IPR006658', name='Molybdopterin guanine dinucleotide-containing S/N-oxide reductase'), elements: {'b1872', 'b3551', 'b0997'}
set Pandas(Index=154, id='IPR041954', name='Trimethylamine-N-oxide reductase-like, molybdopterin-binding domain'), elements: {'b1872', 'b3551', 'b0997'}
set Pandas(Index=155, id='IPR041460', name='Molybdopterin oxidoreductase, N-terminal'), elements: {'b1872', 'b0997'}
set Pandas(Index=157, id='IPR048328', name='Dyp-type peroxidase, C-terminal domain'), elements: {'b1019', 'b2431'}
set Pandas(Index=158, id='IPR048327', name='Dyp-type peroxidase, N-terminal domain'), elements: {'b1019', 'b2431'}
set Pandas(Index=159, id='IPR006314', name='Dyp-type peroxidase'), elements: {'b1019', 'b2431'}
set Pandas(Index=161, id='IPR014438', name='Glucan biosynthesis protein MdoG/MdoD'), elements: {'b1048', 'b1424'}
set Pandas(Index=162, id='IPR007444', name='Glucan biosynthesis, periplasmic, MdoG C-terminal'), elements: {'b1048', 'b1424'}
set Pandas(Index=163, id='IPR006076', name='FAD dependent oxidoreductase'), elements: {'b2660', 'b2241', 'b1189', 'b1301', 'b2766', 'b1059', 'b2324', 'b3426'}
set Pandas(Index=164, id='IPR002942', name='RNA-binding S4 domain'), elements: {'b1086', 'b4022', 'b2183', 'b3400', 'b1637', 'b3296', 'b1269', 'b2594'}
set Pandas(Index=167, id='IPR011332', name='Zinc-binding ribosomal protein'), elements: {'b3636', 'b1089', 'b2184'}
set Pandas(Index=168, id='IPR018228', name='Deoxyribonuclease, TatD-related, conserved site'), elements: {'b1100', 'b4378', 'b4483'}
set Pandas(Index=169, id='IPR001130', name="3'-5' ssDNA/RNA exonuclease TatD-like"), elements: {'b1100', 'b4378', 'b4483'}
set Pandas(Index=171, id='IPR025662', name='Sigma-54 interaction domain, ATP-binding site 1'), elements: {'b1201', 'b2220', 'b1323', 'b2709', 'b2731', 'b3868', 'b2554', 'b4004', 'b2869', 'b2491'}
set Pandas(Index=172, id='IPR004095', name='TGS'), elements: {'b1203', 'b2784', 'b3650', 'b1719'}
set Pandas(Index=173, id='IPR012676', name='TGS-like'), elements: {'b1719', 'b2784', 'b3650', 'b1203'}
set Pandas(Index=174, id='IPR050123', name='Prokaryotic molybdopterin-containing oxidoreductase'), elements: {'b1224', 'b2206', 'b1468', 'b1501', 'b4079', 'b2283'}
set Pandas(Index=175, id='IPR053713', name='Bacterial Outer Membrane Channel Superfamily'), elements: {'b3875', 'b4311', 'b1319'}
set Pandas(Index=177, id='IPR036849', name='Enolase-like, C-terminal domain superfamily'), elements: {'b4478', 'b2779', 'b1325', 'b2788', 'b1581', 'b2787', 'b2247', 'b2261'}
set Pandas(Index=178, id='IPR029017', name='Enolase-like, N-terminal'), elements: {'b4478', 'b2779', 'b1325', 'b2788', 'b1581', 'b2261', 'b2247', 'b2787'}
set Pandas(Index=179, id='IPR029065', name='Enolase C-terminal domain-like'), elements: {'b4478', 'b1325', 'b2788', 'b1581', 'b2261', 'b2247', 'b2787'}
set Pandas(Index=180, id='IPR018110', name='Mandelate racemase/muconate lactonizing enzyme, conserved site'), elements: {'b4478', 'b1325', 'b2788', 'b1581', 'b2247'}
set Pandas(Index=181, id='IPR013342', name='Mandelate racemase/muconate lactonizing enzyme, C-terminal'), elements: {'b4478', 'b1325', 'b2788', 'b1581', 'b2787', 'b2247', 'b2261'}
set Pandas(Index=182, id='IPR013341', name='Mandelate racemase/muconate lactonizing enzyme, N-terminal domain'), elements: {'b4478', 'b1325', 'b2788', 'b1581', 'b2247'}
set Pandas(Index=183, id='IPR012677', name='Nucleotide-binding alpha-beta plait domain superfamily'), elements: {'b3162', 'b1343', 'b3318'}
set Pandas(Index=185, id='IPR006443', name='Formate dehydrogenase-N, alpha subunit'), elements: {'b1474', 'b3894'}
set Pandas(Index=186, id='IPR051555', name='Formate Dehydrogenase Electron Transfer Unit'), elements: {'b2996', 'b3893', 'b1475'}
set Pandas(Index=187, id='IPR015946', name='K homology domain-like, alpha/beta'), elements: {'b3314', 'b1482', 'b2511', 'b3356', 'b3169', 'b3167', 'b2566'}
set Pandas(Index=188, id='IPR011249', name='Metalloenzyme, LuxS/M16 peptidase-like'), elements: {'b3527', 'b2687', 'b2821', 'b1494'}
set Pandas(Index=190, id='IPR011765', name='Peptidase M16, N-terminal'), elements: {'b1494', 'b3527', 'b2821'}
set Pandas(Index=191, id='IPR001431', name='Peptidase M16, zinc-binding site'), elements: {'b2821', 'b1494'}
set Pandas(Index=192, id='IPR007863', name='Peptidase M16, C-terminal'), elements: {'b2821', 'b3527', 'b1494'}
set Pandas(Index=195, id='IPR050294', name='Ion-translocating oxidoreductase complex subunit B'), elements: {'b3573', 'b2886', 'b2481', 'b2205', 'b2724', 'b2713', 'b1674'}
set Pandas(Index=204, id='IPR018163', name='Threonyl/alanyl tRNA synthetase, class II-like, putative editing domain superfamily'), elements: {'b1719', 'b2697'}
set Pandas(Index=207, id='IPR012947', name='Threonyl/alanyl tRNA synthetase, SAD'), elements: {'b1719', 'b2697'}
set Pandas(Index=208, id='IPR037873', name='BamE-like'), elements: {'b2617', 'b1739'}
set Pandas(Index=209, id='IPR007450', name='Outer membrane protein assembly factor BamE domain'), elements: {'b2617', 'b1739'}
set Pandas(Index=220, id='IPR014722', name='Large ribosomal subunit protein uL2, domain 2'), elements: {'b3309', 'b2171', 'b3982', 'b3317', 'b4147'}
set Pandas(Index=221, id='IPR008991', name='Translation protein SH3-like domain superfamily'), elements: {'b3309', 'b2171', 'b3982', 'b3317', 'b4147', 'b2606'}
set Pandas(Index=224, id='IPR020930', name='Large ribosomal subunit protein uL5, bacterial-type'), elements: {'b3308', 'b2185'}
set Pandas(Index=231, id='IPR050256', name='Glycosyltransferase 2'), elements: {'b2351', 'b2254'}
set Pandas(Index=233, id='IPR002508', name='N-acetylmuramoyl-L-alanine amidase, catalytic domain'), elements: {'b4169', 'b2435', 'b2817'}
set Pandas(Index=234, id='IPR050695', name='N-acetylmuramoyl-L-alanine amidase 3'), elements: {'b4169', 'b2435', 'b2817'}
set Pandas(Index=235, id='IPR004044', name='K Homology domain, type 2'), elements: {'b3314', 'b2566'}
set Pandas(Index=236, id='IPR009019', name='K homology domain superfamily, prokaryotic type'), elements: {'b3169', 'b3314', 'b2566'}
set Pandas(Index=237, id='IPR050574', name='HPF/YfiA ribosome-associated'), elements: {'b2597', 'b3203'}
set Pandas(Index=238, id='IPR036567', name='Ribosome hibernation promotion factor-like'), elements: {'b2597', 'b3203'}
set Pandas(Index=239, id='IPR003489', name='Ribosome hibernation promoting factor/RaiA'), elements: {'b2597', 'b3203'}
set Pandas(Index=243, id='IPR009000', name='Translation protein, beta-barrel domain superfamily'), elements: {'b3320', 'b3168', 'b2751', 'b3340', 'b3871', 'b3590', 'b2697', 'b3980', 'b3339', 'b2608', 'b4375'}
set Pandas(Index=256, id='IPR007761', name='Mannitol repressor MtlR-like'), elements: {'b2929', 'b3601'}
set Pandas(Index=257, id='IPR038026', name='MtlR-like superfamily'), elements: {'b2929', 'b3601'}
set Pandas(Index=262, id='IPR004087', name='K Homology domain'), elements: {'b3164', 'b3314'}
set Pandas(Index=294, id='IPR000473', name='Large ribosomal subunit protein bL36'), elements: {'b4506', 'b3299'}
set Pandas(Index=295, id='IPR035977', name='Large ribosomal subunit protein bL36 superfamily'), elements: {'b4506', 'b3299'}
set Pandas(Index=332, id='IPR005824', name='KOW'), elements: {'b3309', 'b3982'}
set Pandas(Index=391, id='IPR015855', name='ABC transporter, maltose/maltodextrin import, MalK-like'), elements: {'b4035', 'b3450'}
set Pandas(Index=392, id='IPR047641', name='ABC transporter, ATP-binding protein MalK/UgpC-like'), elements: {'b4035', 'b3450'}
[{'id': 'IPR020568', 'desc': 'Ribosomal protein uS5 domain 2-type superfamily', 'common.n': 2, 'target.n': 20, 'p-value': np.float64(0.11716096616733135), 'genes': 'b3303, b3230'}, {'id': 'IPR014721', 'desc': 'Small ribosomal subunit protein uS5 domain 2-type fold, subgroup', 'common.n': 2, 'target.n': 14, 'p-value': np.float64(0.06287764319824678), 'genes': 'b3303, b3230'}, {'id': 'IPR013785', 'desc': 'Aldolase-type TIM barrel', 'common.n': 1, 'target.n': 74, 'p-value': np.float64(0.8941900070383516), 'genes': 'b3990'}, {'id': 'IPR000021', 'desc': 'Hok/gef cell toxic protein', 'common.n': 1, 'target.n': 6, 'p-value': np.float64(0.16527738115568452), 'genes': 'b4412'}, {'id': 'IPR018084', 'desc': 'Hok/gef cell toxic protein, conserved site', 'common.n': 1, 'target.n': 6, 'p-value': np.float64(0.16527738115568452), 'genes': 'b4412'}, {'id': 'IPR036388', 'desc': 'Winged helix-like DNA-binding domain superfamily', 'common.n': 1, 'target.n': 176, 'p-value': np.float64(0.9955201519613388), 'genes': 'b1450'}, {'id': 'IPR036390', 'desc': 'Winged helix DNA-binding domain superfamily', 'common.n': 1, 'target.n': 117, 'p-value': np.float64(0.9718334907632281), 'genes': 'b1450'}, {'id': 'IPR015910', 'desc': 'Inosine/uridine-preferring nucleoside hydrolase, conserved site', 'common.n': 1, 'target.n': 3, 'p-value': np.float64(0.08633932313616421), 'genes': 'b2162'}, {'id': 'IPR001910', 'desc': 'Inosine/uridine-preferring nucleoside hydrolase domain', 'common.n': 1, 'target.n': 3, 'p-value': np.float64(0.08633932313616421), 'genes': 'b2162'}, {'id': 'IPR023186', 'desc': 'Inosine/uridine-preferring nucleoside hydrolase', 'common.n': 1, 'target.n': 3, 'p-value': np.float64(0.08633932313616421), 'genes': 'b2162'}, {'id': 'IPR036452', 'desc': 'Ribonucleoside hydrolase-like', 'common.n': 1, 'target.n': 3, 'p-value': np.float64(0.08633932313616421), 'genes': 'b2162'}, {'id': 'IPR002938', 'desc': 'FAD-binding domain', 'common.n': 1, 'target.n': 7, 'p-value': np.float64(0.19005578913622087), 'genes': 'b3690'}, {'id': 'IPR036188', 'desc': 'FAD/NAD(P)-binding domain superfamily', 'common.n': 2, 'target.n': 40, 'p-value': np.float64(0.3334730381200855), 'genes': 'b2660, b3690'}, {'id': 'IPR038770', 'desc': 'Sodium/solute symporter superfamily', 'common.n': 1, 'target.n': 6, 'p-value': np.float64(0.16527738115568452), 'genes': 'b2410'}, {'id': 'IPR004843', 'desc': 'Calcineurin-like, phosphoesterase domain', 'common.n': 1, 'target.n': 9, 'p-value': np.float64(0.23744406482049565), 'genes': 'b0164'}, {'id': 'IPR029052', 'desc': 'Metallo-dependent phosphatase-like', 'common.n': 1, 'target.n': 11, 'p-value': np.float64(0.28208014203394655), 'genes': 'b0164'}, {'id': 'IPR027417', 'desc': 'P-loop containing nucleoside triphosphate hydrolase', 'common.n': 3, 'target.n': 229, 'p-value': np.float64(0.9702553928965874), 'genes': 'b2869, b1126, b3450'}, {'id': 'IPR009057', 'desc': 'Homedomain-like superfamily', 'common.n': 1, 'target.n': 72, 'p-value': np.float64(0.8875091597816532), 'genes': 'b2869'}, {'id': 'IPR032818', 'desc': 'DedA-like', 'common.n': 2, 'target.n': 4, 'p-value': np.float64(0.005030933816184389), 'genes': 'b3009, b0065'}, {'id': 'IPR032816', 'desc': 'VTT domain', 'common.n': 2, 'target.n': 8, 'p-value': np.float64(0.02171665368413405), 'genes': 'b3009, b0065'}, {'id': 'IPR003593', 'desc': 'AAA+ ATPase domain', 'common.n': 3, 'target.n': 117, 'p-value': np.float64(0.6811340434287113), 'genes': 'b2869, b1126, b3450'}, {'id': 'IPR050093', 'desc': 'ABC Transporter, Small Molecule Importer', 'common.n': 1, 'target.n': 7, 'p-value': np.float64(0.19005578913622087), 'genes': 'b1126'}, {'id': 'IPR003439', 'desc': 'ABC transporter-like, ATP-binding domain', 'common.n': 2, 'target.n': 77, 'p-value': np.float64(0.6722450751886242), 'genes': 'b1126, b3450'}, {'id': 'IPR017871', 'desc': 'ABC transporter-like, conserved site', 'common.n': 2, 'target.n': 73, 'p-value': np.float64(0.6433462809657596), 'genes': 'b1126, b3450'}, {'id': 'IPR034746', 'desc': 'POTRA domain', 'common.n': 2, 'target.n': 3, 'p-value': np.float64(0.0025652782661276926), 'genes': 'b0093, b0177'}, {'id': 'IPR011711', 'desc': 'GntR, C-terminal', 'common.n': 1, 'target.n': 12, 'p-value': np.float64(0.30341604679820333), 'genes': 'b1450'}, {'id': 'IPR008920', 'desc': 'Transcription regulator FadR/GntR, C-terminal', 'common.n': 1, 'target.n': 13, 'p-value': np.float64(0.3241226761548756), 'genes': 'b1450'}, {'id': 'IPR000524', 'desc': 'Transcription regulator HTH, GntR', 'common.n': 1, 'target.n': 21, 'p-value': np.float64(0.46922339785711964), 'genes': 'b1450'}, {'id': 'IPR011707', 'desc': 'Multicopper oxidase-like, N-terminal', 'common.n': 2, 'target.n': 2, 'p-value': np.float64(0.0008720652958890296), 'genes': 'b3017, b0123'}, {'id': 'IPR011706', 'desc': 'Multicopper oxidase, C-terminal', 'common.n': 2, 'target.n': 2, 'p-value': np.float64(0.0008720652958890296), 'genes': 'b3017, b0123'}, {'id': 'IPR045087', 'desc': 'Multicopper oxidase', 'common.n': 2, 'target.n': 2, 'p-value': np.float64(0.0008720652958890296), 'genes': 'b3017, b0123'}, {'id': 'IPR008972', 'desc': 'Cupredoxin', 'common.n': 2, 'target.n': 4, 'p-value': np.float64(0.005030933816184389), 'genes': 'b3017, b0123'}, {'id': 'IPR006311', 'desc': 'Twin-arginine translocation pathway, signal sequence', 'common.n': 22, 'target.n': 22, 'p-value': np.float64(3.7490672733717045e-35), 'genes': 'b1587, b1588, b0123, b2206, b4072, b1474, b1872, b0926, b1019, b3017, b3894, b0997, b0972, b2817, b0894, b2435, b1424, b2205, b0324, b1971, b2997, b0286'}, {'id': 'IPR009010', 'desc': 'Aspartate decarboxylase-like domain superfamily', 'common.n': 8, 'target.n': 15, 'p-value': np.float64(2.5924671631400326e-09), 'genes': 'b1587, b1588, b2206, b1474, b0894, b3894, b0997, b1872'}, {'id': 'IPR013783', 'desc': 'Immunoglobulin-like fold', 'common.n': 2, 'target.n': 24, 'p-value': np.float64(0.15791262272182782), 'genes': 'b0939, b1424'}, {'id': 'IPR008962', 'desc': 'PapD-like superfamily', 'common.n': 1, 'target.n': 13, 'p-value': np.float64(0.3241226761548756), 'genes': 'b0939'}, {'id': 'IPR050643', 'desc': 'Periplasmic Pilus Chaperone', 'common.n': 1, 'target.n': 11, 'p-value': np.float64(0.28208014203394655), 'genes': 'b0939'}, {'id': 'IPR036316', 'desc': 'Pili assembly chaperone, C-terminal domain superfamily', 'common.n': 1, 'target.n': 11, 'p-value': np.float64(0.28208014203394655), 'genes': 'b0939'}, {'id': 'IPR001829', 'desc': 'Pili assembly chaperone, bacterial', 'common.n': 1, 'target.n': 10, 'p-value': np.float64(0.26009599327326344), 'genes': 'b0939'}, {'id': 'IPR016148', 'desc': 'Pili assembly chaperone, C-terminal', 'common.n': 1, 'target.n': 10, 'p-value': np.float64(0.26009599327326344), 'genes': 'b0939'}, {'id': 'IPR018046', 'desc': 'Pili assembly chaperone, conserved site', 'common.n': 1, 'target.n': 10, 'p-value': np.float64(0.26009599327326344), 'genes': 'b0939'}, {'id': 'IPR016147', 'desc': 'Pili assembly chaperone, N-terminal', 'common.n': 1, 'target.n': 11, 'p-value': np.float64(0.28208014203394655), 'genes': 'b0939'}, {'id': 'IPR002491', 'desc': 'ABC transporter periplasmic binding domain', 'common.n': 1, 'target.n': 4, 'p-value': np.float64(0.11344211957615752), 'genes': 'b0152'}, {'id': 'IPR051313', 'desc': 'Bacterial iron-siderophore binding', 'common.n': 1, 'target.n': 3, 'p-value': np.float64(0.08633932313616421), 'genes': 'b0152'}, {'id': 'IPR000184', 'desc': 'Bacterial surface antigen (D15)', 'common.n': 1, 'target.n': 2, 'p-value': np.float64(0.05841464151281869), 'genes': 'b0177'}, {'id': 'IPR010827', 'desc': 'POTRA domain, BamA/TamA-like', 'common.n': 1, 'target.n': 2, 'p-value': np.float64(0.05841464151281869), 'genes': 'b0177'}, {'id': 'IPR039910', 'desc': 'Surface antigen D15-like', 'common.n': 1, 'target.n': 2, 'p-value': np.float64(0.05841464151281869), 'genes': 'b0177'}, {'id': 'IPR012340', 'desc': 'Nucleic acid-binding, OB-fold', 'common.n': 4, 'target.n': 46, 'p-value': np.float64(0.04610625865418477), 'genes': 'b3342, b3311, b3450, b3317'}, {'id': 'IPR002314', 'desc': 'Aminoacyl-tRNA synthetase, class II (G/ P/ S/T)', 'common.n': 1, 'target.n': 3, 'p-value': np.float64(0.08633932313616421), 'genes': 'b1719'}, {'id': 'IPR006195', 'desc': 'Aminoacyl-tRNA synthetase, class II', 'common.n': 1, 'target.n': 11, 'p-value': np.float64(0.28208014203394655), 'genes': 'b1719'}, {'id': 'IPR045864', 'desc': 'Class II Aminoacyl-tRNA synthetase/Biotinyl protein ligase (BPL) and lipoyl protein ligase (LPL)', 'common.n': 1, 'target.n': 17, 'p-value': np.float64(0.40101686432646866), 'genes': 'b1719'}, {'id': 'IPR004154', 'desc': 'Anticodon-binding', 'common.n': 1, 'target.n': 3, 'p-value': np.float64(0.08633932313616421), 'genes': 'b1719'}, {'id': 'IPR036621', 'desc': 'Anticodon-binding domain superfamily', 'common.n': 1, 'target.n': 3, 'p-value': np.float64(0.08633932313616421), 'genes': 'b1719'}, {'id': 'IPR043128', 'desc': 'Reverse transcriptase/Diguanylate cyclase domain', 'common.n': 1, 'target.n': 20, 'p-value': np.float64(0.45293097457791404), 'genes': 'b0385'}, {'id': 'IPR008995', 'desc': 'Molybdate/tungstate binding, C-terminal', 'common.n': 2, 'target.n': 9, 'p-value': np.float64(0.02738561495756197), 'genes': 'b1126, b3450'}, {'id': 'IPR013611', 'desc': 'Transport-associated OB, type 2', 'common.n': 1, 'target.n': 5, 'p-value': np.float64(0.1397470358242455), 'genes': 'b1126'}, {'id': 'IPR002888', 'desc': '[2Fe-2S]-binding', 'common.n': 1, 'target.n': 3, 'p-value': np.float64(0.08633932313616421), 'genes': 'b0286'}, {'id': 'IPR036884', 'desc': '[2Fe-2S]-binding domain superfamily', 'common.n': 1, 'target.n': 3, 'p-value': np.float64(0.08633932313616421), 'genes': 'b0286'}, {'id': 'IPR036010', 'desc': '2Fe-2S ferredoxin-like superfamily', 'common.n': 1, 'target.n': 11, 'p-value': np.float64(0.28208014203394655), 'genes': 'b0286'}, {'id': 'IPR001041', 'desc': '2Fe-2S ferredoxin-type iron-sulfur binding domain', 'common.n': 1, 'target.n': 11, 'p-value': np.float64(0.28208014203394655), 'genes': 'b0286'}, {'id': 'IPR006058', 'desc': '2Fe-2S ferredoxin, iron-sulphur binding site', 'common.n': 1, 'target.n': 6, 'p-value': np.float64(0.16527738115568452), 'genes': 'b0286'}, {'id': 'IPR012675', 'desc': 'Beta-grasp domain superfamily', 'common.n': 2, 'target.n': 16, 'p-value': np.float64(0.07981345751538307), 'genes': 'b1719, b0286'}, {'id': 'IPR034704', 'desc': 'Large ribosomal subunit protein bL28/bL31-like superfamily', 'common.n': 2, 'target.n': 3, 'p-value': np.float64(0.0025652782661276926), 'genes': 'b3637, b3936'}, {'id': 'IPR002150', 'desc': 'Large ribosomal subunit protein bL31 type A/B', 'common.n': 1, 'target.n': 2, 'p-value': np.float64(0.05841464151281869), 'genes': 'b3936'}, {'id': 'IPR042105', 'desc': 'Large ribosomal subunit protein bL31 superfamily', 'common.n': 1, 'target.n': 2, 'p-value': np.float64(0.05841464151281869), 'genes': 'b3936'}, {'id': 'IPR017896', 'desc': '4Fe-4S ferredoxin-type, iron-sulphur binding domain', 'common.n': 5, 'target.n': 42, 'p-value': np.float64(0.007471765288643378), 'genes': 'b4072, b2481, b2205, b2996, b1671'}, {'id': 'IPR017900', 'desc': '4Fe-4S ferredoxin, iron-sulphur binding, conserved site', 'common.n': 5, 'target.n': 37, 'p-value': np.float64(0.004307802028948877), 'genes': 'b4072, b2481, b2205, b2996, b1671'}, {'id': 'IPR013108', 'desc': 'Amidohydrolase 3', 'common.n': 1, 'target.n': 3, 'p-value': np.float64(0.08633932313616421), 'genes': 'b0324'}, {'id': 'IPR011059', 'desc': 'Metal-dependent hydrolase, composite domain superfamily', 'common.n': 1, 'target.n': 10, 'p-value': np.float64(0.26009599327326344), 'genes': 'b0324'}, {'id': 'IPR032466', 'desc': 'Metal-dependent hydrolase', 'common.n': 2, 'target.n': 17, 'p-value': np.float64(0.08875349508219346), 'genes': 'b0324, b4483'}, {'id': 'IPR052349', 'desc': 'Metallo-dependent Hydrolases Superfamily Enzymes', 'common.n': 1, 'target.n': 2, 'p-value': np.float64(0.05841464151281869), 'genes': 'b0324'}, {'id': 'IPR002197', 'desc': 'DNA binding HTH domain, Fis-type', 'common.n': 1, 'target.n': 9, 'p-value': np.float64(0.23744406482049565), 'genes': 'b2869'}, {'id': 'IPR002078', 'desc': 'RNA polymerase sigma factor 54 interaction domain', 'common.n': 1, 'target.n': 13, 'p-value': np.float64(0.3241226761548756), 'genes': 'b2869'}, {'id': 'IPR025943', 'desc': 'Sigma-54 interaction domain, ATP-binding site 2', 'common.n': 1, 'target.n': 12, 'p-value': np.float64(0.30341604679820333), 'genes': 'b2869'}, {'id': 'IPR025944', 'desc': 'Sigma-54 interaction domain, conserved site', 'common.n': 1, 'target.n': 11, 'p-value': np.float64(0.28208014203394655), 'genes': 'b2869'}, {'id': 'IPR011013', 'desc': 'Galactose mutarotase-like domain superfamily', 'common.n': 1, 'target.n': 12, 'p-value': np.float64(0.30341604679820333), 'genes': 'b1424'}, {'id': 'IPR014718', 'desc': 'Glycoside hydrolase-type carbohydrate-binding', 'common.n': 1, 'target.n': 9, 'p-value': np.float64(0.23744406482049565), 'genes': 'b1424'}, {'id': 'IPR001173', 'desc': 'Glycosyltransferase 2-like', 'common.n': 1, 'target.n': 11, 'p-value': np.float64(0.28208014203394655), 'genes': 'b2254'}, {'id': 'IPR029044', 'desc': 'Nucleotide-diphospho-sugar transferases', 'common.n': 1, 'target.n': 24, 'p-value': np.float64(0.5152675644262819), 'genes': 'b2254'}, {'id': 'IPR050469', 'desc': 'Bacterial Diguanylate Cyclase', 'common.n': 1, 'target.n': 10, 'p-value': np.float64(0.26009599327326344), 'genes': 'b0385'}, {'id': 'IPR000160', 'desc': 'GGDEF domain', 'common.n': 1, 'target.n': 19, 'p-value': np.float64(0.43614247415738455), 'genes': 'b0385'}, {'id': 'IPR029787', 'desc': 'Nucleotide cyclase', 'common.n': 1, 'target.n': 18, 'p-value': np.float64(0.41884291439998905), 'genes': 'b0385'}, {'id': 'IPR000014', 'desc': 'PAS domain', 'common.n': 1, 'target.n': 14, 'p-value': np.float64(0.34421844792077005), 'genes': 'b2869'}, {'id': 'IPR035965', 'desc': 'PAS domain superfamily', 'common.n': 1, 'target.n': 14, 'p-value': np.float64(0.34421844792077005), 'genes': 'b2869'}, {'id': 'IPR014756', 'desc': 'Immunoglobulin E-set', 'common.n': 1, 'target.n': 8, 'p-value': np.float64(0.2141042370579475), 'genes': 'b1424'}, {'id': 'IPR002634', 'desc': 'BolA protein', 'common.n': 1, 'target.n': 2, 'p-value': np.float64(0.05841464151281869), 'genes': 'b0435'}, {'id': 'IPR036065', 'desc': 'BolA-like superfamily', 'common.n': 1, 'target.n': 2, 'p-value': np.float64(0.05841464151281869), 'genes': 'b0435'}, {'id': 'IPR050961', 'desc': 'BolA/IbaG family stress response and morphology regulators', 'common.n': 1, 'target.n': 2, 'p-value': np.float64(0.05841464151281869), 'genes': 'b0435'}, {'id': 'IPR011008', 'desc': 'Dimeric alpha-beta barrel', 'common.n': 1, 'target.n': 11, 'p-value': np.float64(0.28208014203394655), 'genes': 'b1019'}, {'id': 'IPR007985', 'desc': 'Haemolysin expression modulating, HHA', 'common.n': 1, 'target.n': 2, 'p-value': np.float64(0.05841464151281869), 'genes': 'b0460'}, {'id': 'IPR036666', 'desc': 'HHA superfamily', 'common.n': 1, 'target.n': 2, 'p-value': np.float64(0.05841464151281869), 'genes': 'b0460'}, {'id': 'IPR011990', 'desc': 'Tetratricopeptide-like helical domain superfamily', 'common.n': 1, 'target.n': 24, 'p-value': np.float64(0.5152675644262819), 'genes': 'b0742'}, {'id': 'IPR036986', 'desc': 'RNA-binding S4 domain superfamily', 'common.n': 2, 'target.n': 9, 'p-value': np.float64(0.02738561495756197), 'genes': 'b3296, b0528'}, {'id': 'IPR019734', 'desc': 'Tetratricopeptide repeat', 'common.n': 1, 'target.n': 11, 'p-value': np.float64(0.28208014203394655), 'genes': 'b0742'}, {'id': 'IPR003369', 'desc': 'Sec-independent protein translocase protein TatA/B/E', 'common.n': 2, 'target.n': 2, 'p-value': np.float64(0.0008720652958890296), 'genes': 'b0627, b3836'}, {'id': 'IPR006312', 'desc': 'Sec-independent protein translocase protein TatA/E', 'common.n': 2, 'target.n': 2, 'p-value': np.float64(0.0008720652958890296), 'genes': 'b0627, b3836'}, {'id': 'IPR007197', 'desc': 'Radical SAM', 'common.n': 1, 'target.n': 20, 'p-value': np.float64(0.45293097457791404), 'genes': 'b3990'}, {'id': 'IPR020056', 'desc': 'Large ribosomal subunit protein bL25/Gln-tRNA synthetase, N-terminal', 'common.n': 1, 'target.n': 2, 'p-value': np.float64(0.05841464151281869), 'genes': 'b2185'}, {'id': 'IPR011035', 'desc': 'Large ribosomal subunit protein bL25/Gln-tRNA synthetase, anti-codon-binding domain superfamily', 'common.n': 1, 'target.n': 2, 'p-value': np.float64(0.05841464151281869), 'genes': 'b2185'}, {'id': 'IPR010979', 'desc': 'Small ribosomal subunit protein uS13-like, H2TH', 'common.n': 1, 'target.n': 3, 'p-value': np.float64(0.08633932313616421), 'genes': 'b3298'}, {'id': 'IPR050864', 'desc': 'Bacterial PTS System Sugar Transport Components', 'common.n': 1, 'target.n': 8, 'p-value': np.float64(0.2141042370579475), 'genes': 'b3949'}, {'id': 'IPR013014', 'desc': 'Phosphotransferase system, EIIC component, type 2', 'common.n': 1, 'target.n': 8, 'p-value': np.float64(0.2141042370579475), 'genes': 'b3949'}, {'id': 'IPR006327', 'desc': 'Phosphotransferase system, fructose IIC component', 'common.n': 1, 'target.n': 4, 'p-value': np.float64(0.11344211957615752), 'genes': 'b3949'}, {'id': 'IPR012334', 'desc': 'Pectin lyase fold', 'common.n': 1, 'target.n': 2, 'p-value': np.float64(0.05841464151281869), 'genes': 'b2043'}, {'id': 'IPR011050', 'desc': 'Pectin lyase fold/virulence factor', 'common.n': 1, 'target.n': 9, 'p-value': np.float64(0.23744406482049565), 'genes': 'b2043'}, {'id': 'IPR010722', 'desc': 'Biotin and thiamin synthesis-associated domain', 'common.n': 1, 'target.n': 2, 'p-value': np.float64(0.05841464151281869), 'genes': 'b3990'}, {'id': 'IPR005893', 'desc': 'Spermidine/putrescine import ATP-binding protein PotA-like', 'common.n': 1, 'target.n': 2, 'p-value': np.float64(0.05841464151281869), 'genes': 'b1126'}, {'id': 'IPR008333', 'desc': 'Flavoprotein pyridine nucleotide cytochrome reductase-like, FAD-binding domain', 'common.n': 1, 'target.n': 6, 'p-value': np.float64(0.16527738115568452), 'genes': 'b3924'}, {'id': 'IPR017927', 'desc': 'FAD-binding domain, ferredoxin reductase-type', 'common.n': 1, 'target.n': 8, 'p-value': np.float64(0.2141042370579475), 'genes': 'b3924'}, {'id': 'IPR039261', 'desc': 'Ferredoxin-NADP reductase (FNR), nucleotide-binding domain', 'common.n': 1, 'target.n': 8, 'p-value': np.float64(0.2141042370579475), 'genes': 'b3924'}, {'id': 'IPR001433', 'desc': 'Oxidoreductase FAD/NAD(P)-binding', 'common.n': 1, 'target.n': 6, 'p-value': np.float64(0.16527738115568452), 'genes': 'b3924'}, {'id': 'IPR017938', 'desc': 'Riboflavin synthase-like beta-barrel', 'common.n': 1, 'target.n': 9, 'p-value': np.float64(0.23744406482049565), 'genes': 'b3924'}, {'id': 'IPR014719', 'desc': 'Ribosomal protein bL12, C-terminal/adaptor protein ClpS-like', 'common.n': 1, 'target.n': 2, 'p-value': np.float64(0.05841464151281869), 'genes': 'b3986'}, {'id': 'IPR011888', 'desc': 'Anaerobic dimethyl sulphoxide reductase, subunit A, DmsA/YnfE', 'common.n': 3, 'target.n': 3, 'p-value': np.float64(2.545881076969827e-05), 'genes': 'b1587, b0894, b1588'}, {'id': 'IPR006657', 'desc': 'Molybdopterin dinucleotide-binding domain', 'common.n': 8, 'target.n': 13, 'p-value': np.float64(5.451254903678551e-10), 'genes': 'b1587, b1588, b2206, b1474, b0894, b3894, b0997, b1872'}, {'id': 'IPR006656', 'desc': 'Molybdopterin oxidoreductase', 'common.n': 8, 'target.n': 14, 'p-value': np.float64(1.2404978514483039e-09), 'genes': 'b1587, b1588, b2206, b1474, b0894, b3894, b0997, b1872'}, {'id': 'IPR006963', 'desc': 'Molybdopterin oxidoreductase, 4Fe-4S domain', 'common.n': 6, 'target.n': 10, 'p-value': np.float64(1.1508703029987512e-07), 'genes': 'b1587, b1588, b2206, b1474, b0894, b3894'}, {'id': 'IPR006655', 'desc': 'Molybdopterin oxidoreductase, prokaryotic, conserved site', 'common.n': 7, 'target.n': 11, 'p-value': np.float64(5.110294389233488e-09), 'genes': 'b1587, b1588, b1474, b0894, b3894, b0997, b1872'}, {'id': 'IPR027467', 'desc': 'Molybdopterin oxidoreductase, molybdopterin cofactor binding site', 'common.n': 5, 'target.n': 8, 'p-value': np.float64(1.1045245338443783e-06), 'genes': 'b1588, b2206, b1474, b0894, b3894'}, {'id': 'IPR050612', 'desc': 'Prokaryotic Molybdopterin Oxidoreductases', 'common.n': 5, 'target.n': 6, 'p-value': np.float64(1.241693290281162e-07), 'genes': 'b1587, b1588, b0894, b0997, b1872'}, {'id': 'IPR019546', 'desc': 'Twin-arginine translocation pathway, signal sequence, bacterial/archaeal', 'common.n': 9, 'target.n': 9, 'p-value': np.float64(1.3366783858511671e-14), 'genes': 'b1872, b2206, b4072, b1424, b2996, b3017, b0894, b2997, b0972'}, {'id': 'IPR050954', 'desc': 'Electron Transfer Iron-Sulfur Cluster-Binding Protein', 'common.n': 2, 'target.n': 4, 'p-value': np.float64(0.005030933816184389), 'genes': 'b4072, b1671'}, {'id': 'IPR009045', 'desc': 'Peptidase M74/Hedgehog-like, zinc-binding domain superfamily', 'common.n': 1, 'target.n': 3, 'p-value': np.float64(0.08633932313616421), 'genes': 'b0926'}, {'id': 'IPR027394', 'desc': 'Cytochrome-c3 hydrogenase, C-terminal', 'common.n': 2, 'target.n': 2, 'p-value': np.float64(0.0008720652958890296), 'genes': 'b0972, b2997'}, {'id': 'IPR006137', 'desc': 'NADH:ubiquinone oxidoreductase-like, 20kDa subunit', 'common.n': 2, 'target.n': 5, 'p-value': np.float64(0.008222454583805291), 'genes': 'b0972, b2997'}, {'id': 'IPR037148', 'desc': '[NiFe]-hydrogenase, small subunit, C-terminal domain superfamily', 'common.n': 2, 'target.n': 2, 'p-value': np.float64(0.0008720652958890296), 'genes': 'b0972, b2997'}, {'id': 'IPR037024', 'desc': '[NiFe]-hydrogenase, small subunit, N-terminal domain superfamily', 'common.n': 2, 'target.n': 2, 'p-value': np.float64(0.0008720652958890296), 'genes': 'b0972, b2997'}, {'id': 'IPR001821', 'desc': '[NiFe]-hydrogenase, small subunit', 'common.n': 2, 'target.n': 2, 'p-value': np.float64(0.0008720652958890296), 'genes': 'b0972, b2997'}, {'id': 'IPR050438', 'desc': 'Low Molecular Weight Phosphotyrosine Protein Phosphatase', 'common.n': 1, 'target.n': 2, 'p-value': np.float64(0.05841464151281869), 'genes': 'b2061'}, {'id': 'IPR023485', 'desc': 'Phosphotyrosine protein phosphatase I', 'common.n': 1, 'target.n': 2, 'p-value': np.float64(0.05841464151281869), 'genes': 'b2061'}, {'id': 'IPR036196', 'desc': 'Phosphotyrosine protein phosphatase I superfamily', 'common.n': 1, 'target.n': 2, 'p-value': np.float64(0.05841464151281869), 'genes': 'b2061'}, {'id': 'IPR017867', 'desc': 'Protein-tyrosine phosphatase, low molecular weight', 'common.n': 1, 'target.n': 2, 'p-value': np.float64(0.05841464151281869), 'genes': 'b2061'}, {'id': 'IPR006658', 'desc': 'Molybdopterin guanine dinucleotide-containing S/N-oxide reductase', 'common.n': 2, 'target.n': 3, 'p-value': np.float64(0.0025652782661276926), 'genes': 'b1872, b0997'}, {'id': 'IPR041954', 'desc': 'Trimethylamine-N-oxide reductase-like, molybdopterin-binding domain', 'common.n': 2, 'target.n': 3, 'p-value': np.float64(0.0025652782661276926), 'genes': 'b1872, b0997'}, {'id': 'IPR041460', 'desc': 'Molybdopterin oxidoreductase, N-terminal', 'common.n': 2, 'target.n': 2, 'p-value': np.float64(0.0008720652958890296), 'genes': 'b1872, b0997'}, {'id': 'IPR048328', 'desc': 'Dyp-type peroxidase, C-terminal domain', 'common.n': 1, 'target.n': 2, 'p-value': np.float64(0.05841464151281869), 'genes': 'b1019'}, {'id': 'IPR048327', 'desc': 'Dyp-type peroxidase, N-terminal domain', 'common.n': 1, 'target.n': 2, 'p-value': np.float64(0.05841464151281869), 'genes': 'b1019'}, {'id': 'IPR006314', 'desc': 'Dyp-type peroxidase', 'common.n': 1, 'target.n': 2, 'p-value': np.float64(0.05841464151281869), 'genes': 'b1019'}, {'id': 'IPR014438', 'desc': 'Glucan biosynthesis protein MdoG/MdoD', 'common.n': 1, 'target.n': 2, 'p-value': np.float64(0.05841464151281869), 'genes': 'b1424'}, {'id': 'IPR007444', 'desc': 'Glucan biosynthesis, periplasmic, MdoG C-terminal', 'common.n': 1, 'target.n': 2, 'p-value': np.float64(0.05841464151281869), 'genes': 'b1424'}, {'id': 'IPR006076', 'desc': 'FAD dependent oxidoreductase', 'common.n': 1, 'target.n': 8, 'p-value': np.float64(0.2141042370579475), 'genes': 'b2660'}, {'id': 'IPR002942', 'desc': 'RNA-binding S4 domain', 'common.n': 1, 'target.n': 8, 'p-value': np.float64(0.2141042370579475), 'genes': 'b3296'}, {'id': 'IPR011332', 'desc': 'Zinc-binding ribosomal protein', 'common.n': 2, 'target.n': 3, 'p-value': np.float64(0.0025652782661276926), 'genes': 'b3636, b1089'}, {'id': 'IPR018228', 'desc': 'Deoxyribonuclease, TatD-related, conserved site', 'common.n': 1, 'target.n': 3, 'p-value': np.float64(0.08633932313616421), 'genes': 'b4483'}, {'id': 'IPR001130', 'desc': "3'-5' ssDNA/RNA exonuclease TatD-like", 'common.n': 1, 'target.n': 3, 'p-value': np.float64(0.08633932313616421), 'genes': 'b4483'}, {'id': 'IPR025662', 'desc': 'Sigma-54 interaction domain, ATP-binding site 1', 'common.n': 1, 'target.n': 10, 'p-value': np.float64(0.26009599327326344), 'genes': 'b2869'}, {'id': 'IPR004095', 'desc': 'TGS', 'common.n': 1, 'target.n': 4, 'p-value': np.float64(0.11344211957615752), 'genes': 'b1719'}, {'id': 'IPR012676', 'desc': 'TGS-like', 'common.n': 1, 'target.n': 4, 'p-value': np.float64(0.11344211957615752), 'genes': 'b1719'}, {'id': 'IPR050123', 'desc': 'Prokaryotic molybdopterin-containing oxidoreductase', 'common.n': 1, 'target.n': 6, 'p-value': np.float64(0.16527738115568452), 'genes': 'b2206'}, {'id': 'IPR053713', 'desc': 'Bacterial Outer Membrane Channel Superfamily', 'common.n': 1, 'target.n': 3, 'p-value': np.float64(0.08633932313616421), 'genes': 'b1319'}, {'id': 'IPR036849', 'desc': 'Enolase-like, C-terminal domain superfamily', 'common.n': 1, 'target.n': 8, 'p-value': np.float64(0.2141042370579475), 'genes': 'b2247'}, {'id': 'IPR029017', 'desc': 'Enolase-like, N-terminal', 'common.n': 1, 'target.n': 8, 'p-value': np.float64(0.2141042370579475), 'genes': 'b2247'}, {'id': 'IPR029065', 'desc': 'Enolase C-terminal domain-like', 'common.n': 1, 'target.n': 7, 'p-value': np.float64(0.19005578913622087), 'genes': 'b2247'}, {'id': 'IPR018110', 'desc': 'Mandelate racemase/muconate lactonizing enzyme, conserved site', 'common.n': 1, 'target.n': 5, 'p-value': np.float64(0.1397470358242455), 'genes': 'b2247'}, {'id': 'IPR013342', 'desc': 'Mandelate racemase/muconate lactonizing enzyme, C-terminal', 'common.n': 1, 'target.n': 7, 'p-value': np.float64(0.19005578913622087), 'genes': 'b2247'}, {'id': 'IPR013341', 'desc': 'Mandelate racemase/muconate lactonizing enzyme, N-terminal domain', 'common.n': 1, 'target.n': 5, 'p-value': np.float64(0.1397470358242455), 'genes': 'b2247'}, {'id': 'IPR012677', 'desc': 'Nucleotide-binding alpha-beta plait domain superfamily', 'common.n': 1, 'target.n': 3, 'p-value': np.float64(0.08633932313616421), 'genes': 'b3318'}, {'id': 'IPR006443', 'desc': 'Formate dehydrogenase-N, alpha subunit', 'common.n': 2, 'target.n': 2, 'p-value': np.float64(0.0008720652958890296), 'genes': 'b1474, b3894'}, {'id': 'IPR051555', 'desc': 'Formate Dehydrogenase Electron Transfer Unit', 'common.n': 1, 'target.n': 3, 'p-value': np.float64(0.08633932313616421), 'genes': 'b2996'}, {'id': 'IPR015946', 'desc': 'K homology domain-like, alpha/beta', 'common.n': 1, 'target.n': 7, 'p-value': np.float64(0.19005578913622087), 'genes': 'b3314'}, {'id': 'IPR011249', 'desc': 'Metalloenzyme, LuxS/M16 peptidase-like', 'common.n': 2, 'target.n': 4, 'p-value': np.float64(0.005030933816184389), 'genes': 'b2687, b1494'}, {'id': 'IPR011765', 'desc': 'Peptidase M16, N-terminal', 'common.n': 1, 'target.n': 3, 'p-value': np.float64(0.08633932313616421), 'genes': 'b1494'}, {'id': 'IPR001431', 'desc': 'Peptidase M16, zinc-binding site', 'common.n': 1, 'target.n': 2, 'p-value': np.float64(0.05841464151281869), 'genes': 'b1494'}, {'id': 'IPR007863', 'desc': 'Peptidase M16, C-terminal', 'common.n': 1, 'target.n': 3, 'p-value': np.float64(0.08633932313616421), 'genes': 'b1494'}, {'id': 'IPR050294', 'desc': 'Ion-translocating oxidoreductase complex subunit B', 'common.n': 2, 'target.n': 7, 'p-value': np.float64(0.01660693327246698), 'genes': 'b2481, b2205'}, {'id': 'IPR018163', 'desc': 'Threonyl/alanyl tRNA synthetase, class II-like, putative editing domain superfamily', 'common.n': 1, 'target.n': 2, 'p-value': np.float64(0.05841464151281869), 'genes': 'b1719'}, {'id': 'IPR012947', 'desc': 'Threonyl/alanyl tRNA synthetase, SAD', 'common.n': 1, 'target.n': 2, 'p-value': np.float64(0.05841464151281869), 'genes': 'b1719'}, {'id': 'IPR037873', 'desc': 'BamE-like', 'common.n': 1, 'target.n': 2, 'p-value': np.float64(0.05841464151281869), 'genes': 'b2617'}, {'id': 'IPR007450', 'desc': 'Outer membrane protein assembly factor BamE domain', 'common.n': 1, 'target.n': 2, 'p-value': np.float64(0.05841464151281869), 'genes': 'b2617'}, {'id': 'IPR014722', 'desc': 'Large ribosomal subunit protein uL2, domain 2', 'common.n': 2, 'target.n': 5, 'p-value': np.float64(0.008222454583805291), 'genes': 'b3309, b3317'}, {'id': 'IPR008991', 'desc': 'Translation protein SH3-like domain superfamily', 'common.n': 3, 'target.n': 6, 'p-value': np.float64(0.0004767454173151875), 'genes': 'b3309, b2606, b3317'}, {'id': 'IPR020930', 'desc': 'Large ribosomal subunit protein uL5, bacterial-type', 'common.n': 2, 'target.n': 2, 'p-value': np.float64(0.0008720652958890296), 'genes': 'b3308, b2185'}, {'id': 'IPR050256', 'desc': 'Glycosyltransferase 2', 'common.n': 1, 'target.n': 2, 'p-value': np.float64(0.05841464151281869), 'genes': 'b2254'}, {'id': 'IPR002508', 'desc': 'N-acetylmuramoyl-L-alanine amidase, catalytic domain', 'common.n': 2, 'target.n': 3, 'p-value': np.float64(0.0025652782661276926), 'genes': 'b2435, b2817'}, {'id': 'IPR050695', 'desc': 'N-acetylmuramoyl-L-alanine amidase 3', 'common.n': 2, 'target.n': 3, 'p-value': np.float64(0.0025652782661276926), 'genes': 'b2435, b2817'}, {'id': 'IPR004044', 'desc': 'K Homology domain, type 2', 'common.n': 1, 'target.n': 2, 'p-value': np.float64(0.05841464151281869), 'genes': 'b3314'}, {'id': 'IPR009019', 'desc': 'K homology domain superfamily, prokaryotic type', 'common.n': 1, 'target.n': 3, 'p-value': np.float64(0.08633932313616421), 'genes': 'b3314'}, {'id': 'IPR050574', 'desc': 'HPF/YfiA ribosome-associated', 'common.n': 1, 'target.n': 2, 'p-value': np.float64(0.05841464151281869), 'genes': 'b3203'}, {'id': 'IPR036567', 'desc': 'Ribosome hibernation promotion factor-like', 'common.n': 1, 'target.n': 2, 'p-value': np.float64(0.05841464151281869), 'genes': 'b3203'}, {'id': 'IPR003489', 'desc': 'Ribosome hibernation promoting factor/RaiA', 'common.n': 1, 'target.n': 2, 'p-value': np.float64(0.05841464151281869), 'genes': 'b3203'}, {'id': 'IPR009000', 'desc': 'Translation protein, beta-barrel domain superfamily', 'common.n': 1, 'target.n': 11, 'p-value': np.float64(0.28208014203394655), 'genes': 'b3320'}, {'id': 'IPR007761', 'desc': 'Mannitol repressor MtlR-like', 'common.n': 1, 'target.n': 2, 'p-value': np.float64(0.05841464151281869), 'genes': 'b3601'}, {'id': 'IPR038026', 'desc': 'MtlR-like superfamily', 'common.n': 1, 'target.n': 2, 'p-value': np.float64(0.05841464151281869), 'genes': 'b3601'}, {'id': 'IPR004087', 'desc': 'K Homology domain', 'common.n': 1, 'target.n': 2, 'p-value': np.float64(0.05841464151281869), 'genes': 'b3314'}, {'id': 'IPR000473', 'desc': 'Large ribosomal subunit protein bL36', 'common.n': 1, 'target.n': 2, 'p-value': np.float64(0.05841464151281869), 'genes': 'b3299'}, {'id': 'IPR035977', 'desc': 'Large ribosomal subunit protein bL36 superfamily', 'common.n': 1, 'target.n': 2, 'p-value': np.float64(0.05841464151281869), 'genes': 'b3299'}, {'id': 'IPR005824', 'desc': 'KOW', 'common.n': 1, 'target.n': 2, 'p-value': np.float64(0.05841464151281869), 'genes': 'b3309'}, {'id': 'IPR015855', 'desc': 'ABC transporter, maltose/maltodextrin import, MalK-like', 'common.n': 1, 'target.n': 2, 'p-value': np.float64(0.05841464151281869), 'genes': 'b3450'}, {'id': 'IPR047641', 'desc': 'ABC transporter, ATP-binding protein MalK/UgpC-like', 'common.n': 1, 'target.n': 2, 'p-value': np.float64(0.05841464151281869), 'genes': 'b3450'}]
id	desc	common.n	target.n	p-value	genes
IPR006311	Twin-arginine translocation pathway, signal sequence	22	22	3.7490672733717045e-35	b1587, b1588, b0123, b2206, b4072, b1474, b1872, b0926, b1019, b3017, b3894, b0997, b0972, b2817, b0894, b2435, b1424, b2205, b0324, b1971, b2997, b0286
IPR019546	Twin-arginine translocation pathway, signal sequence, bacterial/archaeal	9	9	1.3366783858511671e-14	b1872, b2206, b4072, b1424, b2996, b3017, b0894, b2997, b0972
IPR006657	Molybdopterin dinucleotide-binding domain	8	13	5.451254903678551e-10	b1587, b1588, b2206, b1474, b0894, b3894, b0997, b1872
IPR006656	Molybdopterin oxidoreductase	8	14	1.2404978514483039e-09	b1587, b1588, b2206, b1474, b0894, b3894, b0997, b1872
IPR009010	Aspartate decarboxylase-like domain superfamily	8	15	2.5924671631400326e-09	b1587, b1588, b2206, b1474, b0894, b3894, b0997, b1872
IPR006655	Molybdopterin oxidoreductase, prokaryotic, conserved site	7	11	5.110294389233488e-09	b1587, b1588, b1474, b0894, b3894, b0997, b1872
IPR006963	Molybdopterin oxidoreductase, 4Fe-4S domain	6	10	1.1508703029987512e-07	b1587, b1588, b2206, b1474, b0894, b3894
IPR050612	Prokaryotic Molybdopterin Oxidoreductases	5	6	1.241693290281162e-07	b1587, b1588, b0894, b0997, b1872
IPR027467	Molybdopterin oxidoreductase, molybdopterin cofactor binding site	5	8	1.1045245338443783e-06	b1588, b2206, b1474, b0894, b3894
IPR011888	Anaerobic dimethyl sulphoxide reductase, subunit A, DmsA/YnfE	3	3	2.545881076969827e-05	b1587, b0894, b1588
IPR008991	Translation protein SH3-like domain superfamily	3	6	0.0004767454173151875	b3309, b2606, b3317
IPR011707	Multicopper oxidase-like, N-terminal	2	2	0.0008720652958890296	b3017, b0123
IPR045087	Multicopper oxidase	2	2	0.0008720652958890296	b3017, b0123
IPR037024	[NiFe]-hydrogenase, small subunit, N-terminal domain superfamily	2	2	0.0008720652958890296	b0972, b2997
IPR006312	Sec-independent protein translocase protein TatA/E	2	2	0.0008720652958890296	b0627, b3836
IPR011706	Multicopper oxidase, C-terminal	2	2	0.0008720652958890296	b3017, b0123
IPR037148	[NiFe]-hydrogenase, small subunit, C-terminal domain superfamily	2	2	0.0008720652958890296	b0972, b2997
IPR001821	[NiFe]-hydrogenase, small subunit	2	2	0.0008720652958890296	b0972, b2997
IPR027394	Cytochrome-c3 hydrogenase, C-terminal	2	2	0.0008720652958890296	b0972, b2997
IPR003369	Sec-independent protein translocase protein TatA/B/E	2	2	0.0008720652958890296	b0627, b3836
IPR006443	Formate dehydrogenase-N, alpha subunit	2	2	0.0008720652958890296	b1474, b3894
IPR020930	Large ribosomal subunit protein uL5, bacterial-type	2	2	0.0008720652958890296	b3308, b2185
IPR041460	Molybdopterin oxidoreductase, N-terminal	2	2	0.0008720652958890296	b1872, b0997
IPR034704	Large ribosomal subunit protein bL28/bL31-like superfamily	2	3	0.0025652782661276926	b3637, b3936
IPR006658	Molybdopterin guanine dinucleotide-containing S/N-oxide reductase	2	3	0.0025652782661276926	b1872, b0997
IPR041954	Trimethylamine-N-oxide reductase-like, molybdopterin-binding domain	2	3	0.0025652782661276926	b1872, b0997
IPR002508	N-acetylmuramoyl-L-alanine amidase, catalytic domain	2	3	0.0025652782661276926	b2435, b2817
IPR011332	Zinc-binding ribosomal protein	2	3	0.0025652782661276926	b3636, b1089
IPR034746	POTRA domain	2	3	0.0025652782661276926	b0093, b0177
IPR050695	N-acetylmuramoyl-L-alanine amidase 3	2	3	0.0025652782661276926	b2435, b2817
IPR017900	4Fe-4S ferredoxin, iron-sulphur binding, conserved site	5	37	0.004307802028948877	b4072, b2481, b2205, b2996, b1671
IPR050954	Electron Transfer Iron-Sulfur Cluster-Binding Protein	2	4	0.005030933816184389	b4072, b1671
IPR032818	DedA-like	2	4	0.005030933816184389	b3009, b0065
IPR008972	Cupredoxin	2	4	0.005030933816184389	b3017, b0123
IPR011249	Metalloenzyme, LuxS/M16 peptidase-like	2	4	0.005030933816184389	b2687, b1494
IPR017896	4Fe-4S ferredoxin-type, iron-sulphur binding domain	5	42	0.007471765288643378	b4072, b2481, b2205, b2996, b1671
IPR006137	NADH:ubiquinone oxidoreductase-like, 20kDa subunit	2	5	0.008222454583805291	b0972, b2997
IPR014722	Large ribosomal subunit protein uL2, domain 2	2	5	0.008222454583805291	b3309, b3317
IPR050294	Ion-translocating oxidoreductase complex subunit B	2	7	0.01660693327246698	b2481, b2205
IPR032816	VTT domain	2	8	0.02171665368413405	b3009, b0065
IPR008995	Molybdate/tungstate binding, C-terminal	2	9	0.02738561495756197	b1126, b3450
IPR036986	RNA-binding S4 domain superfamily	2	9	0.02738561495756197	b3296, b0528
IPR012340	Nucleic acid-binding, OB-fold	4	46	0.04610625865418477	b3342, b3311, b3450, b3317

